DATE,PRCP,T_MIDRANGE,MONTH
1974-01-06,0.0,0.0,0
1974-01-13,0.0,0.0,0
1974-01-20,0.0,0.0,0
1974-01-27,0.0,0.0,0
1974-02-03,0.0,0.0,0
1974-02-10,0.0,0.0,0
1974-02-17,0.0,0.0,0
1974-02-24,0.0,0.0,0
1974-03-03,0.0,0.0,0
1974-03-10,0.0,0.0,0
1974-03-17,0.0,0.0,0
1974-03-24,0.0,0.0,0
1974-03-31,0.0,0.0,0
1974-04-07,0.04151461038961024,-2.183146103896104,1
1974-04-14,1.3186574675324674,-0.21028896103896066,1
1974-04-21,-1.2327711038961038,2.3397110389610383,1
1974-04-28,-2.24848538961039,4.928282467532467,1
1974-05-05,-2.8413961038961038,-1.1398798701298691,2
1974-05-12,3.9543181818181816,-5.161308441558441,2
1974-05-19,7.621461038961039,-1.7041655844155859,2
1974-05-26,-2.5213961038961035,1.898691558441561,2
1974-06-02,-0.8301055194805196,-2.8099659090909057,3
1974-06-09,4.729894480519481,-0.8399659090909068,3
1974-06-16,-3.841534090909091,-3.644251623376622,3
1974-06-23,5.462751623376623,-0.3028230519480495,3
1974-06-30,-4.084391233766234,-0.4299659090909067,3
1974-07-07,-2.9676861471861464,1.7053084415584436,4
1974-07-14,0.3451709956709963,3.7581655844155826,4
1974-07-21,-3.2876861471861467,2.8053084415584415,4
1974-07-28,0.030885281385281793,0.9238798701298663,4
1974-08-04,-0.2252207792207792,-3.2241136363636365,5
1974-08-11,2.8119220779220773,-1.632685064935064,5
1974-08-18,-2.150935064935065,-0.7141136363636384,5
1974-08-25,0.9476363636363634,-0.7326850649350654,5
1974-09-01,-1.3656022727272725,-0.66278084415584,6
1974-09-08,-1.837030844155844,-3.498495129870129,6
1974-09-15,-1.1941737012987013,-1.8413522727272706,6
1974-09-22,-2.741316558441558,-4.005637987012985,6
1974-09-29,-2.159887987012987,-3.934209415584414,6
1974-10-06,-0.7977029220779221,-2.306819805194806,7
1974-10-13,-0.33627435064935063,-0.22253409090909315,7
1974-10-20,-1.073417207792208,-2.443962662337663,7
1974-10-27,-1.9448457792207792,0.5203230519480506,7
1974-11-03,0.0,0.0,0
1974-11-10,0.0,0.0,0
1974-11-17,0.0,0.0,0
1974-11-24,0.0,0.0,0
1974-12-01,0.0,0.0,0
1974-12-08,0.0,0.0,0
1974-12-15,0.0,0.0,0
1974-12-22,0.0,0.0,0
1974-12-29,0.0,0.0,0
1975-01-05,0.0,0.0,0
1975-01-12,0.0,0.0,0
1975-01-19,0.0,0.0,0
1975-01-26,0.0,0.0,0
1975-02-02,0.0,0.0,0
1975-02-09,0.0,0.0,0
1975-02-16,0.0,0.0,0
1975-02-23,0.0,0.0,0
1975-03-02,0.0,0.0,0
1975-03-09,0.0,0.0,0
1975-03-16,0.0,0.0,0
1975-03-23,0.0,0.0,0
1975-03-30,0.0,0.0,0
1975-04-06,-2.415628246753247,-11.400288961038962,1
1975-04-13,-0.8627711038961037,-5.314574675324676,1
1975-04-20,-0.17705681818181818,-0.6045746753246766,1
1975-04-27,6.445800324675325,1.9525681818181813,1
1975-05-04,0.048603896103896815,-2.4327370129870136,2
1975-05-11,0.272889610389611,0.6301201298701287,2
1975-05-18,-2.5699675324675324,0.5529772727272739,2
1975-05-25,0.39574675324675335,8.54012012987013,2
1975-06-01,-0.17581980519480567,-4.502823051948049,3
1975-06-08,-1.3658198051948056,-2.135680194805193,3
1975-06-15,2.6870373376623373,-2.8342516233766233,3
1975-06-22,1.7670373376623374,1.9014626623376643,3
1975-06-29,-2.6029626623376627,3.9814626623376626,3
1975-07-06,-0.08340043290043253,2.8210227272727266,4
1975-07-13,-2.7248290043290035,-3.7518344155844154,4
1975-07-20,-2.369114718614718,1.8753084415584418,4
1975-07-27,-1.7362575757575753,-0.03612012987012747,4
1975-08-03,-1.0195064935064932,3.2987435064935084,5
1975-08-10,-2.9623636363636363,1.257314935064933,5
1975-08-17,-2.1723636363636363,0.8301720779220751,5
1975-08-24,4.894779220779219,3.2430292207792206,5
1975-08-31,-0.44807792207792163,-0.7255422077922091,5
1975-09-07,-0.31274512987012937,1.7000762987013012,6
1975-09-14,-2.137030844155844,-3.0299237012986993,6
1975-09-21,-2.6127451298701296,-3.425637987012985,6
1975-09-28,-1.837030844155844,-6.7699237012986995,6
1975-10-05,-1.1591314935064934,1.3974659090909078,7
1975-10-12,-1.834845779220779,3.54746590909091,7
1975-10-19,-1.7019886363636363,1.226037337662337,7
1975-10-26,-1.0262743506493508,1.411751623376622,7
1975-11-02,0.0,0.0,0
1975-11-09,0.0,0.0,0
1975-11-16,0.0,0.0,0
1975-11-23,0.0,0.0,0
1975-11-30,0.0,0.0,0
1975-12-07,0.0,0.0,0
1975-12-14,0.0,0.0,0
1975-12-21,0.0,0.0,0
1975-12-28,0.0,0.0,0
1976-01-04,0.0,0.0,0
1976-01-11,0.0,0.0,0
1976-01-18,0.0,0.0,0
1976-01-25,0.0,0.0,0
1976-02-01,0.0,0.0,0
1976-02-08,0.0,0.0,0
1976-02-15,0.0,0.0,0
1976-02-22,0.0,0.0,0
1976-02-29,0.0,0.0,0
1976-03-07,0.0,0.0,0
1976-03-14,0.0,0.0,0
1976-03-21,0.0,0.0,0
1976-03-28,0.0,0.0,0
1976-04-04,1.0615146103896098,-1.1488603896103902,1
1976-04-11,-2.8813425324675324,1.9097110389610386,1
1976-04-18,-0.3770568181818179,7.718282467532466,1
1976-04-25,2.555800324675324,2.1611396103896094,1
1976-05-02,-2.9842532467532465,-5.512737012987014,2
1976-05-09,-1.7413961038961037,-4.259879870129868,2
1976-05-16,1.168603896103896,0.1701201298701296,2
1976-05-23,1.0214610389610392,1.8644058441558453,2
1976-05-30,-0.30282467532467505,1.6772629870129894,2
1976-06-06,-4.06010551948052,-0.7513944805194797,3
1976-06-13,-2.937248376623377,4.265748376623378,3
1976-06-20,-2.0886769480519485,-1.187108766233763,3
1976-06-27,-1.3129626623376622,0.8671769480519522,3
1976-07-04,-2.196257575757575,-3.277548701298702,4
1976-07-11,-3.4305432900432895,2.809594155844156,4
1976-07-18,-1.7634004329004325,0.2938798701298708,4
1976-07-25,-2.5491147186147183,1.7024512987012983,4
1976-08-01,0.20335064935064961,1.2587435064935057,5
1976-08-08,-3.2337922077922077,-1.9755422077922091,5
1976-08-15,-2.7280779220779223,0.5644577922077936,5
1976-08-22,-2.8095064935064937,1.5001720779220804,5
1976-08-29,-3.1480779220779223,0.9187435064935059,5
1976-09-05,-2.451316558441558,2.7157905844155863,6
1976-09-12,-2.2084594155844153,1.7586477272727272,6
1976-09-19,-0.44131655844155837,-0.5756379870129855,6
1976-09-26,-1.337030844155844,-4.945637987012985,6
1976-10-03,-1.0491314935064935,4.231751623376622,7
1976-10-10,0.6594399350649354,-2.281105519480521,7
1976-10-17,-1.9448457792207792,-0.9368198051948049,7
1976-10-24,0.46801136363636364,-9.366819805194805,7
1976-10-31,-1.4834172077922076,-7.743962662337663,7
1976-11-07,0.0,0.0,0
1976-11-14,0.0,0.0,0
1976-11-21,0.0,0.0,0
1976-11-28,0.0,0.0,0
1976-12-05,0.0,0.0,0
1976-12-12,0.0,0.0,0
1976-12-19,0.0,0.0,0
1976-12-26,0.0,0.0,0
1977-01-02,0.0,0.0,0
1977-01-09,0.0,0.0,0
1977-01-16,0.0,0.0,0
1977-01-23,0.0,0.0,0
1977-01-30,0.0,0.0,0
1977-02-06,0.0,0.0,0
1977-02-13,0.0,0.0,0
1977-02-20,0.0,0.0,0
1977-02-27,0.0,0.0,0
1977-03-06,0.0,0.0,0
1977-03-13,0.0,0.0,0
1977-03-20,0.0,0.0,0
1977-03-27,0.0,0.0,0
1977-04-03,4.960086038961039,-2.1702889610389606,1
1977-04-10,-2.077056818181818,-1.4202889610389606,1
1977-04-17,-0.2627711038961036,9.952568181818181,1
1977-04-24,1.36151461038961,6.519711038961038,1
1977-05-01,-3.0213961038961035,-1.3613084415584424,2
1977-05-08,2.5114610389610386,1.6229772727272742,2
1977-05-15,-2.927110389610389,3.737262987012988,2
1977-05-22,-1.3142532467532466,6.998691558441559,2
1977-05-29,-0.30282467532467505,8.060120129870127,2
1977-06-05,-4.084391233766234,0.5886055194805238,3
1977-06-12,-1.2072483766233768,-1.1128230519480518,3
1977-06-19,1.882751623376624,-0.08996590909090685,3
1977-06-26,-3.432962662337663,1.0886055194805202,3
1977-07-03,5.502313852813854,-0.761834415584417,4
1977-07-10,-0.6734004329004324,2.0238798701298713,4
1977-07-17,2.188028138528139,2.162451298701299,4
1977-07-24,0.4980281385281389,2.3081655844155833,4
1977-07-31,-0.806257575757575,-1.4675487012986999,4
1977-08-07,0.09049350649350618,-0.3283993506493488,5
1977-08-14,1.5147792207792201,-1.138399350649351,5
1977-08-21,3.9776363636363636,-4.348399350649352,5
1977-08-28,-2.206649350649351,-2.3069707792207765,5
1977-09-04,-0.19560227272727237,1.684362012987016,6
1977-09-11,-1.2856022727272727,1.2800762987012995,6
1977-09-18,6.111540584415584,-0.5184951298701286,6
1977-09-25,-0.06560227272727293,-2.225637987012984,6
1977-10-02,2.108011363636364,2.9960373376623366,7
1977-10-09,2.3365827922077917,-2.096819805194805,7
1977-10-16,-0.3248457792207793,-3.6082483766233766,7
1977-10-23,-0.9262743506493507,-0.629676948051948,7
1977-10-30,1.118011363636364,0.420323051948051,7
1977-11-06,0.0,0.0,0
1977-11-13,0.0,0.0,0
1977-11-20,0.0,0.0,0
1977-11-27,0.0,0.0,0
1977-12-04,0.0,0.0,0
1977-12-11,0.0,0.0,0
1977-12-18,0.0,0.0,0
1977-12-25,0.0,0.0,0
1978-01-01,0.0,0.0,0
1978-01-08,0.0,0.0,0
1978-01-15,0.0,0.0,0
1978-01-22,0.0,0.0,0
1978-01-29,0.0,0.0,0
1978-02-05,0.0,0.0,0
1978-02-12,0.0,0.0,0
1978-02-19,0.0,0.0,0
1978-02-26,0.0,0.0,0
1978-03-05,0.0,0.0,0
1978-03-12,0.0,0.0,0
1978-03-19,0.0,0.0,0
1978-03-26,0.0,0.0,0
1978-04-02,-2.8913425324675326,0.3197110389610387,1
1978-04-09,-0.14991396103896104,2.0411396103896102,1
1978-04-16,-1.5056282467532467,-0.7274318181818193,1
1978-04-23,3.762943181818182,-2.2445746753246754,1
1978-04-30,-2.5084853896103896,2.936853896103896,1
1978-05-07,-1.0285389610389606,-5.745594155844156,2
1978-05-14,1.8914610389610393,-0.9670227272727274,2
1978-05-21,-3.169967532467532,1.207262987012987,2
1978-05-28,-0.5942532467532464,6.8572629870129855,2
1978-06-04,-2.4615340909090913,-2.1942516233766227,3
1978-06-11,-3.5029626623376626,-0.6499659090909056,3
1978-06-18,3.115608766233767,1.0500340909090937,3
1978-06-25,1.4241801948051949,0.6186055194805213,3
1978-07-02,-0.9691147186147182,2.2038798701298674,4
1978-07-09,6.745170995670998,-0.15612012987013202,4
1978-07-16,-2.973400432900432,-1.5861201298701317,4
1978-07-23,3.3265995670995676,0.1924512987013003,4
1978-07-30,-2.8262575757575754,-1.0932629870129844,4
1978-08-06,-2.9566493506493505,-2.5369707792207805,5
1978-08-13,-3.548077922077922,0.3687435064935052,5
1978-08-20,0.2362077922077921,1.0501720779220776,5
1978-08-27,4.013350649350651,1.8030292207792193,5
1978-09-03,-2.4756022727272726,3.540076298701301,6
1978-09-10,-2.7656022727272727,6.874362012987014,6
1978-09-17,9.081540584415585,3.4943620129870148,6
1978-09-24,0.6672548701298702,-1.4784951298701294,6
1978-10-01,-1.8105600649350648,3.841751623376622,7
1978-10-08,-0.4977029220779221,-0.46539123376623337,7
1978-10-15,-0.6162743506493504,-0.4868198051948056,7
1978-10-22,-1.1791314935064934,-0.28539123376623543,7
1978-10-29,-1.5591314935064935,-3.7768198051948056,7
1978-11-05,0.0,0.0,0
1978-11-12,0.0,0.0,0
1978-11-19,0.0,0.0,0
1978-11-26,0.0,0.0,0
1978-12-03,0.0,0.0,0
1978-12-10,0.0,0.0,0
1978-12-17,0.0,0.0,0
1978-12-24,0.0,0.0,0
1978-12-31,0.0,0.0,0
1979-01-07,0.0,0.0,0
1979-01-14,0.0,0.0,0
1979-01-21,0.0,0.0,0
1979-01-28,0.0,0.0,0
1979-02-04,0.0,0.0,0
1979-02-11,0.0,0.0,0
1979-02-18,0.0,0.0,0
1979-02-25,0.0,0.0,0
1979-03-04,0.0,0.0,0
1979-03-11,0.0,0.0,0
1979-03-18,0.0,0.0,0
1979-03-25,0.0,0.0,0
1979-04-01,-0.12991396103896147,-6.311717532467533,1
1979-04-08,-1.9756282467532469,-7.877431818181819,1
1979-04-15,-0.44277110389610375,-3.1374318181818186,1
1979-04-22,-0.8870568181818181,3.501139610389611,1
1979-04-29,0.11865746753246764,1.0025681818181802,1
1979-05-06,-1.3313961038961035,-5.538451298701299,2
1979-05-13,-0.3942532467532467,-0.5613084415584417,2
1979-05-20,-1.1599675324675318,1.2672629870129892,2
1979-05-27,-1.9885389610389606,-0.7555941558441539,2
1979-06-03,-3.611534090909091,-2.015680194805192,3
1979-06-10,1.1056087662337655,0.015748376623378135,3
1979-06-17,-2.294391233766234,1.3400340909090929,3
1979-06-24,0.1456087662337655,-1.0213944805194757,3
1979-07-01,-1.7591147186147182,-1.6218344155844164,4
1979-07-08,-1.4734004329004322,-1.753262987012988,4
1979-07-15,1.25945670995671,1.1824512987012952,4
1979-07-22,-0.591971861471861,-1.3646915584415567,4
1979-07-29,0.4394567099567106,0.09673701298701332,4
1979-08-05,6.104779220779221,1.2858863636363616,5
1979-08-12,3.386207792207792,0.6401720779220774,5
1979-08-19,7.567636363636364,-2.722685064935064,5
1979-08-26,11.197636363636363,-0.911256493506496,5
1979-09-02,1.9443977272727273,4.8815048701298736,6
1979-09-09,-2.175602272727273,2.328647727272731,6
1979-09-16,-1.3227451298701296,-0.24420941558441456,6
1979-09-23,-2.7656022727272727,-2.9156379870129836,6
1979-09-30,-2.5227451298701298,0.21293344155844451,6
1979-10-07,-0.5219886363636361,-0.2825340909090901,7
1979-10-14,-1.797702922077922,-3.1668198051948053,7
1979-10-21,-0.1534172077922078,3.8260373376623367,7
1979-10-28,2.432297077922078,-4.7453912337662345,7
1979-11-04,0.0,0.0,0
1979-11-11,0.0,0.0,0
1979-11-18,0.0,0.0,0
1979-11-25,0.0,0.0,0
1979-12-02,0.0,0.0,0
1979-12-09,0.0,0.0,0
1979-12-16,0.0,0.0,0
1979-12-23,0.0,0.0,0
1979-12-30,0.0,0.0,0
1980-01-06,0.0,0.0,0
1980-01-13,0.0,0.0,0
1980-01-20,0.0,0.0,0
1980-01-27,0.0,0.0,0
1980-02-03,0.0,0.0,0
1980-02-10,0.0,0.0,0
1980-02-17,0.0,0.0,0
1980-02-24,0.0,0.0,0
1980-03-02,0.0,0.0,0
1980-03-09,0.0,0.0,0
1980-03-16,0.0,0.0,0
1980-03-23,0.0,0.0,0
1980-03-30,0.0,0.0,0
1980-04-06,0.20437175324675305,-2.2260032467532467,1
1980-04-13,-0.762771103896104,-3.4674318181818187,1
1980-04-20,-2.267056818181818,1.4525681818181813,1
1980-04-27,-2.919913961038961,4.9182824675324675,1
1980-05-04,-3.2413961038961037,0.07297727272727172,2
1980-05-11,-2.1171103896103896,-2.3070227272727273,2
1980-05-18,1.2786038961038964,-2.598451298701299,2
1980-05-25,-3.2742532467532466,3.5301201298701326,2
1980-06-01,8.095608766233767,1.1300340909090956,3
1980-06-08,-0.46153409090909125,-0.13139448051947866,3
1980-06-15,-1.4086769480519483,0.01860551948052347,3
1980-06-22,-3.998676948051948,-1.6899659090909083,3
1980-06-29,-2.5029626623376626,3.9157483766233803,3
1980-07-06,-1.891971861471861,-0.4689772727272725,4
1980-07-13,-1.8305432900432894,4.0167370129870115,4
1980-07-20,0.56945670995671,3.511022727272728,4
1980-07-27,-0.6048290043290034,-1.6932629870129894,4
1980-08-03,-1.9095064935064938,1.7458863636363624,5
1980-08-10,13.46620779220779,2.7344577922077917,5
1980-08-17,5.981922077922077,-1.5769707792207797,5
1980-08-24,-0.40522077922077937,1.2301720779220773,5
1980-08-31,2.8904935064935064,1.2858863636363616,5
1980-09-07,1.8058262987012985,3.3515048701298724,6
1980-09-14,-2.3184594155844156,2.1743620129870145,6
1980-09-21,3.40725487012987,-0.9756379870129841,6
1980-09-28,-1.837030844155844,-4.3399237012987,6
1980-10-05,-1.9448457792207792,1.0546087662337662,7
1980-10-12,-1.9448457792207792,2.128894480519481,7
1980-10-19,1.6694399350649347,-1.735391233766233,7
1980-10-26,-0.6119886363636362,-3.83110551948052,7
1980-11-02,0.0,0.0,0
1980-11-09,0.0,0.0,0
1980-11-16,0.0,0.0,0
1980-11-23,0.0,0.0,0
1980-11-30,0.0,0.0,0
1980-12-07,0.0,0.0,0
1980-12-14,0.0,0.0,0
1980-12-21,0.0,0.0,0
1980-12-28,0.0,0.0,0
1981-01-04,0.0,0.0,0
1981-01-11,0.0,0.0,0
1981-01-18,0.0,0.0,0
1981-01-25,0.0,0.0,0
1981-02-01,0.0,0.0,0
1981-02-08,0.0,0.0,0
1981-02-15,0.0,0.0,0
1981-02-22,0.0,0.0,0
1981-03-01,0.0,0.0,0
1981-03-08,0.0,0.0,0
1981-03-15,0.0,0.0,0
1981-03-22,0.0,0.0,0
1981-03-29,0.0,0.0,0
1981-04-05,-0.5770568181818185,2.75971103896104,1
1981-04-12,-0.03705681818181805,2.7397110389610404,1
1981-04-19,-0.7284853896103898,2.8268538961038967,1
1981-04-26,-0.9856282467532469,1.9882824675324677,1
1981-05-03,-1.0085389610389606,0.1415487012987029,2
1981-05-10,-1.0356818181818181,-3.3855941558441565,2
1981-05-17,-1.202824675324675,-3.107022727272728,2
1981-05-24,1.2443181818181825,0.6786915584415585,2
1981-05-31,-2.265681818181818,3.5301201298701326,2
1981-06-07,-2.998676948051948,0.4086055194805205,3
1981-06-14,3.9670373376623376,1.2114626623376665,3
1981-06-21,-2.4886769480519484,-0.4785373376623383,3
1981-06-28,4.495608766233766,0.5771769480519495,3
1981-07-05,4.735170995670996,-0.38040584415584533,4
1981-07-12,-1.7734004329004325,2.112451298701295,4
1981-07-19,1.9880281385281386,2.3624512987012984,4
1981-07-26,-0.16911471861471838,-1.1832629870129878,4
1981-08-02,0.4804935064935072,-2.0255422077922063,5
1981-08-09,2.8104935064935064,1.115886363636367,5
1981-08-16,1.4704935064935056,-0.42982792207792286,5
1981-08-23,-2.8866493506493507,-3.1212564935064933,5
1981-08-30,0.7662077922077919,-0.2755422077922063,5
1981-09-06,-0.5141737012987013,0.33864772727272907,6
1981-09-13,-0.44131655844155837,2.0000762987012983,6
1981-09-20,-2.6327451298701297,-3.144209415584413,6
1981-09-27,1.40725487012987,-2.2699237012987012,6
1981-10-04,0.48801136363636366,1.1560373376623367,7
1981-10-11,-1.4262743506493507,-0.43824837662337757,7
1981-10-18,5.068011363636364,0.7160373376623372,7
1981-10-25,-1.6634172077922078,-7.188248376623377,7
1981-11-01,0.0,0.0,0
1981-11-08,0.0,0.0,0
1981-11-15,0.0,0.0,0
1981-11-22,0.0,0.0,0
1981-11-29,0.0,0.0,0
1981-12-06,0.0,0.0,0
1981-12-13,0.0,0.0,0
1981-12-20,0.0,0.0,0
1981-12-27,0.0,0.0,0
1982-01-03,0.0,0.0,0
1982-01-10,0.0,0.0,0
1982-01-17,0.0,0.0,0
1982-01-24,0.0,0.0,0
1982-01-31,0.0,0.0,0
1982-02-07,0.0,0.0,0
1982-02-14,0.0,0.0,0
1982-02-21,0.0,0.0,0
1982-02-28,0.0,0.0,0
1982-03-07,0.0,0.0,0
1982-03-14,0.0,0.0,0
1982-03-21,0.0,0.0,0
1982-03-28,0.0,0.0,0
1982-04-04,-1.2099139610389613,-1.610288961038962,1
1982-04-11,-0.8384853896103897,-11.684574675324676,1
1982-04-18,0.7415146103896104,2.4811396103896115,1
1982-04-25,-2.387056818181818,0.8511396103896107,1
1982-05-02,-3.3985389610389607,-3.625594155844155,2
1982-05-09,-0.3313961038961035,1.764405844155844,2
1982-05-16,2.6157467532467535,4.917262987012984,2
1982-05-23,1.7143181818181823,1.6901201298701292,2
1982-05-30,2.2528896103896114,2.1901201298701327,2
1982-06-06,0.0670373376623381,-5.774251623376621,3
1982-06-13,-3.721534090909091,-2.8899659090909076,3
1982-06-20,2.92989448051948,-3.0528230519480495,3
1982-06-27,-3.0086769480519484,-1.1599659090909071,3
1982-07-04,-1.8291147186147179,-1.3318344155844173,4
1982-07-11,6.849456709956712,0.47387987012987054,4
1982-07-18,0.24659956709956754,1.0553084415584415,4
1982-07-25,0.2323138528138533,1.1053084415584422,4
1982-08-01,-0.3666493506493502,1.1158863636363634,5
1982-08-08,0.4333506493506487,3.0644577922077936,5
1982-08-15,-3.4380779220779223,-3.5383993506493496,5
1982-08-22,-3.0295064935064935,0.7487435064935042,5
1982-08-29,0.5276363636363635,-3.4983993506493505,5
1982-09-05,0.8358262987012988,1.9743620129870152,6
1982-09-12,2.0815405844155843,2.4186477272727274,6
1982-09-19,0.24296915584415624,-3.2070665584415554,6
1982-09-26,-2.7513165584415584,-5.9384951298701285,6
1982-10-03,5.2980113636363635,5.821751623376626,7
1982-10-10,1.1880113636363638,3.8274659090909093,7
1982-10-17,-1.920560064935065,-1.1825340909090922,7
1982-10-24,2.2980113636363635,-3.952534090909091,7
1982-10-31,-1.073417207792208,-0.6325340909090915,7
1982-11-07,0.0,0.0,0
1982-11-14,0.0,0.0,0
1982-11-21,0.0,0.0,0
1982-11-28,0.0,0.0,0
1982-12-05,0.0,0.0,0
1982-12-12,0.0,0.0,0
1982-12-19,0.0,0.0,0
1982-12-26,0.0,0.0,0
1983-01-02,0.0,0.0,0
1983-01-09,0.0,0.0,0
1983-01-16,0.0,0.0,0
1983-01-23,0.0,0.0,0
1983-01-30,0.0,0.0,0
1983-02-06,0.0,0.0,0
1983-02-13,0.0,0.0,0
1983-02-20,0.0,0.0,0
1983-02-27,0.0,0.0,0
1983-03-06,0.0,0.0,0
1983-03-13,0.0,0.0,0
1983-03-20,0.0,0.0,0
1983-03-27,0.0,0.0,0
1983-04-03,0.48008603896103885,-5.906003246753247,1
1983-04-10,0.20008603896103905,-6.167431818181819,1
1983-04-17,0.8700860389610385,-5.633146103896104,1
1983-04-24,-2.8584853896103897,-2.0802889610389617,1
1983-05-01,-2.8356818181818175,-1.7484512987012977,2
1983-05-08,1.3471753246753249,-3.415594155844156,2
1983-05-15,-1.8742532467532464,-1.608451298701297,2
1983-05-22,-0.9456818181818183,-1.7841655844155841,2
1983-05-29,-0.04282467532467482,1.0486915584415595,2
1983-06-05,-3.6558198051948056,-5.758537337662336,3
1983-06-12,-3.537248376623377,-0.5928230519480486,3
1983-06-19,6.905608766233766,-0.6785373376623376,3
1983-06-26,1.1870373376623373,5.305748376623377,3
1983-07-03,9.64659956709957,-0.050405844155847035,4
1983-07-10,-1.9305432900432895,-0.49183441558441743,4
1983-07-17,-3.4305432900432895,2.613879870129871,4
1983-07-24,0.4265995670995677,4.553879870129872,4
1983-07-31,-2.796257575757575,1.4281655844155807,4
1983-08-07,-3.1623636363636365,3.9101720779220805,5
1983-08-14,-2.738077922077922,1.3244577922077916,5
1983-08-21,-1.0952207792207789,6.085886363636366,5
1983-08-28,-0.3509350649350651,3.0416006493506487,5
1983-09-04,-1.7741737012987011,6.575790584415586,6
1983-09-11,0.8872548701298704,3.564362012987015,6
1983-09-18,1.1915405844155842,-2.782780844155843,6
1983-09-25,7.615826298701299,-7.105637987012985,6
1983-10-02,-1.2405600649350648,9.844608766233764,7
1983-10-09,-0.7162743506493507,2.0617516233766224,7
1983-10-16,1.9408685064935065,-2.3339626623376635,7
1983-10-23,1.1494399350649351,-2.1096769480519484,7
1983-10-30,-1.9448457792207792,-2.4225340909090907,7
1983-11-06,0.0,0.0,0
1983-11-13,0.0,0.0,0
1983-11-20,0.0,0.0,0
1983-11-27,0.0,0.0,0
1983-12-04,0.0,0.0,0
1983-12-11,0.0,0.0,0
1983-12-18,0.0,0.0,0
1983-12-25,0.0,0.0,0
1984-01-01,0.0,0.0,0
1984-01-08,0.0,0.0,0
1984-01-15,0.0,0.0,0
1984-01-22,0.0,0.0,0
1984-01-29,0.0,0.0,0
1984-02-05,0.0,0.0,0
1984-02-12,0.0,0.0,0
1984-02-19,0.0,0.0,0
1984-02-26,0.0,0.0,0
1984-03-04,0.0,0.0,0
1984-03-11,0.0,0.0,0
1984-03-18,0.0,0.0,0
1984-03-25,0.0,0.0,0
1984-04-01,-2.2770568181818183,-5.898860389610389,1
1984-04-08,0.7943717532467534,-2.6960032467532464,1
1984-04-15,2.0843717532467534,-0.3702889610389626,1
1984-04-22,0.21437175324675328,-0.7231461038961049,1
1984-04-29,0.982943181818182,2.609711038961038,1
1984-05-06,2.595746753246754,-4.935594155844155,2
1984-05-13,-2.4885389610389606,-2.264165584415583,2
1984-05-20,-0.9556818181818176,2.8258344155844153,2
1984-05-27,3.4643181818181823,1.2815487012987017,2
1984-06-03,-1.0743912337662338,-4.429965909090907,3
1984-06-10,5.541323051948052,1.0014626623376657,3
1984-06-17,5.515608766233766,0.3357483766233784,3
1984-06-24,1.0398944805194796,1.985748376623377,3
1984-07-01,-2.124829004329004,-1.7889772727272728,4
1984-07-08,-2.083400432900432,-2.0018344155844154,4
1984-07-15,1.283742424242425,1.1681655844155827,4
1984-07-22,-1.5448290043290038,-0.22897727272727408,4
1984-07-29,-0.24054329004328956,-0.8489772727272751,4
1984-08-05,-3.2723636363636364,2.488743506493506,5
1984-08-12,-1.8852207792207791,2.6158863636363634,5
1984-08-19,-1.4052207792207794,1.5087435064935057,5
1984-08-26,-3.100935064935065,-1.931256493506492,5
1984-09-02,-2.0598879870129867,5.728647727272726,6
1984-09-09,-1.0941737012987014,-0.2613522727272688,6
1984-09-16,-1.7841737012987013,-1.4042094155844147,6
1984-09-23,-2.437030844155844,1.2957905844155881,6
1984-09-30,-2.0184594155844158,-9.235637987012986,6
1984-10-07,0.7222970779220781,3.9146087662337656,7
1984-10-14,0.9494399350649354,6.163180194805195,7
1984-10-21,8.593725649350649,-1.8982483766233766,7
1984-10-28,-0.1305600649350649,-3.136819805194805,7
1984-11-04,0.0,0.0,0
1984-11-11,0.0,0.0,0
1984-11-18,0.0,0.0,0
1984-11-25,0.0,0.0,0
1984-12-02,0.0,0.0,0
1984-12-09,0.0,0.0,0
1984-12-16,0.0,0.0,0
1984-12-23,0.0,0.0,0
1984-12-30,0.0,0.0,0
1985-01-06,0.0,0.0,0
1985-01-13,0.0,0.0,0
1985-01-20,0.0,0.0,0
1985-01-27,0.0,0.0,0
1985-02-03,0.0,0.0,0
1985-02-10,0.0,0.0,0
1985-02-17,0.0,0.0,0
1985-02-24,0.0,0.0,0
1985-03-03,0.0,0.0,0
1985-03-10,0.0,0.0,0
1985-03-17,0.0,0.0,0
1985-03-24,0.0,0.0,0
1985-03-31,0.0,0.0,0
1985-04-07,-1.029913961038961,-4.463146103896104,1
1985-04-14,-2.8241996753246754,0.3954253246753243,1
1985-04-21,-1.5913425324675323,10.278282467532465,1
1985-04-28,6.3858003246753245,5.266853896103896,1
1985-05-05,-3.069967532467532,1.4344058441558456,2
1985-05-12,-1.088538961038961,3.9801201298701283,2
1985-05-19,2.491461038961039,-0.19702272727272607,2
1985-05-26,-1.8656818181818178,2.7186915584415576,2
1985-06-02,-0.9658198051948053,-1.8499659090909084,3
1985-06-09,-4.055819805194806,-1.3285373376623362,3
1985-06-16,1.374180194805195,-3.329965909090909,3
1985-06-23,-3.104391233766234,-0.6299659090909095,3
1985-06-30,-1.4801055194805195,0.6986055194805232,3
1985-07-07,-3.1876861471861466,-0.10612012987012776,4
1985-07-14,-2.173400432900432,1.1338798701298707,4
1985-07-21,-2.0176861471861463,-0.8761201298701309,4
1985-07-28,-1.8548290043290039,-0.8089772727272759,4
1985-08-04,-1.8580779220779222,-2.3355422077922086,5
1985-08-11,-0.07236363636363663,0.818743506493508,5
1985-08-18,-0.20950649350649364,-0.9526850649350642,5
1985-08-25,-0.41522077922077916,-3.3441136363636375,5
1985-09-01,0.3629691558441559,2.7586477272727272,6
1985-09-08,3.4586834415584415,7.452933441558443,6
1985-09-15,-1.507030844155844,-2.3099237012986986,6
1985-09-22,-0.1270308441558443,0.6215048701298684,6
1985-09-29,2.7572548701298696,-8.872780844155843,6
1985-10-06,0.4280113636363636,-2.708248376623377,7
1985-10-13,3.618011363636363,-2.015391233766234,7
1985-10-20,1.8894399350649358,-0.018248376623377638,7
1985-10-27,-0.5491314935064935,1.757465909090909,7
1985-11-03,0.0,0.0,0
1985-11-10,0.0,0.0,0
1985-11-17,0.0,0.0,0
1985-11-24,0.0,0.0,0
1985-12-01,0.0,0.0,0
1985-12-08,0.0,0.0,0
1985-12-15,0.0,0.0,0
1985-12-22,0.0,0.0,0
1985-12-29,0.0,0.0,0
1986-01-05,0.0,0.0,0
1986-01-12,0.0,0.0,0
1986-01-19,0.0,0.0,0
1986-01-26,0.0,0.0,0
1986-02-02,0.0,0.0,0
1986-02-09,0.0,0.0,0
1986-02-16,0.0,0.0,0
1986-02-23,0.0,0.0,0
1986-03-02,0.0,0.0,0
1986-03-09,0.0,0.0,0
1986-03-16,0.0,0.0,0
1986-03-23,0.0,0.0,0
1986-03-30,0.0,0.0,0
1986-04-06,1.352943181818182,2.735425324675326,1
1986-04-13,-2.7856282467532467,0.865425324675325,1
1986-04-20,0.5800860389610389,-0.7060032467532471,1
1986-04-27,0.44722889610389593,4.693996753246752,1
1986-05-04,1.1728896103896105,-1.8398798701298702,2
1986-05-11,2.5771753246753244,3.3244058441558426,2
1986-05-18,3.2943181818181824,0.5158344155844148,2
1986-05-25,-3.059967532467532,-1.3470227272727282,2
1986-06-01,1.2256087662337665,-2.1413944805194767,3
1986-06-08,-1.6758198051948057,-1.3799659090909095,3
1986-06-15,-0.431534090909091,-0.5356801948051917,3
1986-06-22,-0.39296266233766275,3.114319805194807,3
1986-06-29,-0.8201055194805194,1.9843198051948079,3
1986-07-06,1.5351709956709958,-0.7446915584415592,4
1986-07-13,4.675170995670998,-0.7732629870129877,4
1986-07-20,-3.1734004329004324,3.1753084415584425,4
1986-07-27,1.693742424242425,0.699594155844153,4
1986-08-03,-3.0237922077922077,0.2401720779220753,5
1986-08-10,-1.1295064935064936,-1.7269707792207782,5
1986-08-17,-1.1095064935064936,-1.532685064935066,5
1986-08-24,-2.776649350649351,-2.394113636363638,5
1986-08-31,-0.24807792207792234,-4.386970779220778,5
1986-09-07,-1.327030844155844,-0.998495129870129,6
1986-09-14,2.058683441558442,-1.9642094155844134,6
1986-09-21,3.905826298701298,-1.2384951298701274,6
1986-09-28,4.458683441558442,1.8100762987013006,6
1986-10-05,5.178011363636363,3.0903230519480527,7
1986-10-12,4.736582792207791,-0.7139626623376643,7
1986-10-19,-1.7019886363636363,-3.7453912337662336,7
1986-10-26,0.8465827922077922,1.4303230519480508,7
1986-11-02,0.0,0.0,0
1986-11-09,0.0,0.0,0
1986-11-16,0.0,0.0,0
1986-11-23,0.0,0.0,0
1986-11-30,0.0,0.0,0
1986-12-07,0.0,0.0,0
1986-12-14,0.0,0.0,0
1986-12-21,0.0,0.0,0
1986-12-28,0.0,0.0,0
1987-01-04,0.0,0.0,0
1987-01-11,0.0,0.0,0
1987-01-18,0.0,0.0,0
1987-01-25,0.0,0.0,0
1987-02-01,0.0,0.0,0
1987-02-08,0.0,0.0,0
1987-02-15,0.0,0.0,0
1987-02-22,0.0,0.0,0
1987-03-01,0.0,0.0,0
1987-03-08,0.0,0.0,0
1987-03-15,0.0,0.0,0
1987-03-22,0.0,0.0,0
1987-03-29,0.0,0.0,0
1987-04-05,-2.8956282467532466,-8.413146103896104,1
1987-04-12,-2.429913961038961,1.8454253246753254,1
1987-04-19,0.46008603896103883,4.895425324675324,1
1987-04-26,-1.5113425324675325,4.578282467532468,1
1987-05-03,-1.7028246753246747,0.554405844155843,2
1987-05-10,-3.132824675324675,2.071548701298701,2
1987-05-17,-3.012824675324675,4.732977272727274,2
1987-05-24,1.4928896103896108,2.6301201298701304,2
1987-05-31,1.1400324675324676,5.440120129870133,2
1987-06-07,-2.231534090909091,0.43717694805194895,3
1987-06-14,-3.584391233766234,3.2471769480519512,3
1987-06-21,-1.1129626623376625,4.625748376623381,3
1987-06-28,0.3113230519480519,1.2486055194805203,3
1987-07-05,-1.191971861471861,-1.3889772727272742,4
1987-07-12,5.298028138528139,1.6381655844155851,4
1987-07-19,1.613742424242425,-1.1404058441558433,4
1987-07-26,-1.2391147186147182,4.072451298701299,4
1987-08-02,-3.2680779220779224,6.690172077922078,5
1987-08-09,3.6904935064935063,0.8144577922077936,5
1987-08-16,2.5133506493506492,2.060172077922079,5
1987-08-23,2.909064935064935,-2.1598279220779197,5
1987-08-30,5.617636363636363,-5.934113636363637,5
1987-09-06,-2.647030844155844,0.7315048701298714,6
1987-09-13,-0.0813165584415585,-0.9399237012986994,6
1987-09-20,5.105826298701299,-1.3942094155844131,6
1987-09-27,-2.7656022727272727,-1.8327808441558417,6
1987-10-04,-1.387702922077922,2.2946087662337646,7
1987-10-11,-1.6634172077922078,-4.063962662337663,7
1987-10-18,-0.5177029220779219,-0.9211055194805198,7
1987-10-25,-1.4591314935064934,-7.058248376623377,7
1987-11-01,0.0,0.0,0
1987-11-08,0.0,0.0,0
1987-11-15,0.0,0.0,0
1987-11-22,0.0,0.0,0
1987-11-29,0.0,0.0,0
1987-12-06,0.0,0.0,0
1987-12-13,0.0,0.0,0
1987-12-20,0.0,0.0,0
1987-12-27,0.0,0.0,0
1988-01-03,0.0,0.0,0
1988-01-10,0.0,0.0,0
1988-01-17,0.0,0.0,0
1988-01-24,0.0,0.0,0
1988-01-31,0.0,0.0,0
1988-02-07,0.0,0.0,0
1988-02-14,0.0,0.0,0
1988-02-21,0.0,0.0,0
1988-02-28,0.0,0.0,0
1988-03-06,0.0,0.0,0
1988-03-13,0.0,0.0,0
1988-03-20,0.0,0.0,0
1988-03-27,0.0,0.0,0
1988-04-03,0.6272288961038957,-1.9617175324675333,1
1988-04-10,-1.8399139610389612,3.156853896103895,1
1988-04-17,-2.842771103896104,-0.7560032467532469,1
1988-04-24,-0.9584853896103895,-3.40886038961039,1
1988-05-01,0.4243181818181818,-4.525594155844155,2
1988-05-08,-2.5271103896103893,2.345834415584415,2
1988-05-15,-1.717110389610389,2.311548701298703,2
1988-05-22,-1.017110389610389,3.6386915584415593,2
1988-05-29,-1.2699675324675321,5.15012012987013,2
1988-06-05,-3.88010551948052,2.4000340909090916,3
1988-06-12,-1.7515340909090913,0.041462662337664824,3
1988-06-19,-2.2558198051948053,3.090034090909093,3
1988-06-26,-2.474391233766234,6.077176948051946,3
1988-07-03,0.43088528138528215,-2.950405844155842,4
1988-07-10,-0.9962575757575753,2.5238798701298713,4
1988-07-17,-1.9834004329004324,2.292451298701298,4
1988-07-24,-3.1005432900432894,-1.4846915584415576,4
1988-07-31,-3.4305432900432895,2.1281655844155836,4
1988-08-07,0.49477922077922054,5.115886363636363,5
1988-08-14,-0.9623636363636363,4.46160064935065,5
1988-08-21,-3.0766493506493506,4.717314935064934,5
1988-08-28,7.970493506493506,-2.7683993506493536,5
1988-09-04,-2.12274512987013,1.1157905844155849,6
1988-09-11,-2.7656022727272727,-1.3327808441558417,6
1988-09-18,-0.37417370129870164,1.7929334415584428,6
1988-09-25,3.034397727272727,-2.452780844155841,6
1988-10-02,2.698011363636364,5.92889448051948,7
1988-10-09,-1.9448457792207792,-2.808248376623377,7
1988-10-16,-1.8262743506493506,0.201751623376623,7
1988-10-23,0.8422970779220782,-4.026819805194806,7
1988-10-30,-1.8119886363636364,-8.795391233766235,7
1988-11-06,0.0,0.0,0
1988-11-13,0.0,0.0,0
1988-11-20,0.0,0.0,0
1988-11-27,0.0,0.0,0
1988-12-04,0.0,0.0,0
1988-12-11,0.0,0.0,0
1988-12-18,0.0,0.0,0
1988-12-25,0.0,0.0,0
1989-01-01,0.0,0.0,0
1989-01-08,0.0,0.0,0
1989-01-15,0.0,0.0,0
1989-01-22,0.0,0.0,0
1989-01-29,0.0,0.0,0
1989-02-05,0.0,0.0,0
1989-02-12,0.0,0.0,0
1989-02-19,0.0,0.0,0
1989-02-26,0.0,0.0,0
1989-03-05,0.0,0.0,0
1989-03-12,0.0,0.0,0
1989-03-19,0.0,0.0,0
1989-03-26,0.0,0.0,0
1989-04-02,-1.862771103896104,-0.6174318181818181,1
1989-04-09,-1.4013425324675326,-4.874574675324675,1
1989-04-16,-2.919913961038961,-3.1145746753246755,1
1989-04-23,-0.452771103896104,3.025425324675325,1
1989-04-30,1.047228896103896,6.456853896103896,1
1989-05-07,-1.9613961038961034,-7.63987987012987,2
1989-05-14,-2.722824675324675,-1.3470227272727264,2
1989-05-21,-2.032824675324675,3.40012012987013,2
1989-05-28,-1.765681818181818,2.2501201298701314,2
1989-06-04,0.0013230519480522673,-0.9913944805194745,3
1989-06-11,-3.521534090909091,-1.6399659090909076,3
1989-06-18,-1.1186769480519487,-3.6128230519480518,3
1989-06-25,-1.047248376623377,2.4914626623376677,3
1989-07-02,-2.269114718614718,-0.2804058441558439,4
1989-07-09,-3.4305432900432895,3.7867370129870146,4
1989-07-16,-0.006257575757575573,0.671022727272728,4
1989-07-23,0.540885281385282,-2.246120129870132,4
1989-07-30,-0.029114718614717816,1.7424512987012974,4
1989-08-06,-2.6766493506493507,2.4358863636363637,5
1989-08-13,-3.448077922077922,-1.502685064935065,5
1989-08-20,-0.38093506493506535,-1.4541136363636369,5
1989-08-27,1.3747792207792204,0.6687435064935059,5
1989-09-03,1.5772548701298699,2.2786477272727304,6
1989-09-10,7.234397727272727,1.007219155844158,6
1989-09-17,-2.3027451298701296,-5.1470665584415585,6
1989-09-24,-2.3556022727272725,-2.2527808441558435,6
1989-10-01,-1.9448457792207792,3.0760373376623367,7
1989-10-08,-0.8791314935064933,-3.362534090909091,7
1989-10-15,-1.7734172077922077,3.3403230519480527,7
1989-10-22,-1.9062743506493507,-5.699676948051948,7
1989-10-29,-1.6362743506493507,5.347465909090909,7
1989-11-05,0.0,0.0,0
1989-11-12,0.0,0.0,0
1989-11-19,0.0,0.0,0
1989-11-26,0.0,0.0,0
1989-12-03,0.0,0.0,0
1989-12-10,0.0,0.0,0
1989-12-17,0.0,0.0,0
1989-12-24,0.0,0.0,0
1989-12-31,0.0,0.0,0
1990-01-07,0.0,0.0,0
1990-01-14,0.0,0.0,0
1990-01-21,0.0,0.0,0
1990-01-28,0.0,0.0,0
1990-02-04,0.0,0.0,0
1990-02-11,0.0,0.0,0
1990-02-18,0.0,0.0,0
1990-02-25,0.0,0.0,0
1990-03-04,0.0,0.0,0
1990-03-11,0.0,0.0,0
1990-03-18,0.0,0.0,0
1990-03-25,0.0,0.0,0
1990-04-01,-2.4627711038961038,-4.244574675324675,1
1990-04-08,-2.74848538961039,-5.494574675324676,1
1990-04-15,1.0515146103896105,-3.9431461038961046,1
1990-04-22,-1.3684853896103897,1.1325681818181828,1
1990-04-29,-0.3427711038961041,8.938282467532465,1
1990-05-06,0.1828896103896107,-4.604165584415584,2
1990-05-13,3.0257467532467537,-1.841308441558441,2
1990-05-20,2.420032467532468,-0.7241655844155837,2
1990-05-27,1.1871753246753256,-0.1398798701298709,2
1990-06-03,-2.092962662337663,-3.029965909090908,3
1990-06-10,-1.5415340909090918,-3.2485373376623343,3
1990-06-17,14.784180194805192,3.1700340909090947,3
1990-06-24,2.134180194805195,0.16717694805194938,3
1990-07-01,3.6494567099567097,2.1667370129870136,4
1990-07-08,-2.791971861471861,2.211022727272727,4
1990-07-15,1.516599567099568,-3.8261201298701337,4
1990-07-22,2.3451709956709963,-0.8061201298701306,4
1990-07-29,9.493742424242425,-0.6489772727272722,4
1990-08-05,-1.1766493506493507,-1.2998279220779239,5
1990-08-12,-3.1095064935064936,-2.2241136363636365,5
1990-08-19,6.060493506493506,1.655886363636366,5
1990-08-26,5.09477922077922,0.818743506493508,5
1990-09-02,-2.137030844155844,6.408647727272729,6
1990-09-09,-0.7798879870129871,6.621504870129868,6
1990-09-16,-2.679887987012987,2.628647727272728,6
1990-09-23,-0.14274512987012988,-4.709923701298701,6
1990-09-30,-2.7041737012987013,-2.4456379870129847,6
1990-10-07,1.2222970779220776,4.757465909090909,7
1990-10-14,-0.6262743506493504,-3.3025340909090906,7
1990-10-21,0.21229707792207786,-2.7468198051948054,7
1990-10-28,-1.9448457792207792,-3.829676948051948,7
1990-11-04,0.0,0.0,0
1990-11-11,0.0,0.0,0
1990-11-18,0.0,0.0,0
1990-11-25,0.0,0.0,0
1990-12-02,0.0,0.0,0
1990-12-09,0.0,0.0,0
1990-12-16,0.0,0.0,0
1990-12-23,0.0,0.0,0
1990-12-30,0.0,0.0,0
1991-01-06,0.0,0.0,0
1991-01-13,0.0,0.0,0
1991-01-20,0.0,0.0,0
1991-01-27,0.0,0.0,0
1991-02-03,0.0,0.0,0
1991-02-10,0.0,0.0,0
1991-02-17,0.0,0.0,0
1991-02-24,0.0,0.0,0
1991-03-03,0.0,0.0,0
1991-03-10,0.0,0.0,0
1991-03-17,0.0,0.0,0
1991-03-24,0.0,0.0,0
1991-03-31,0.0,0.0,0
1991-04-07,-2.7770568181818183,5.705425324675325,1
1991-04-14,5.05151461038961,-1.1474318181818184,1
1991-04-21,-1.1299139610389608,-0.30600324675324764,1
1991-04-28,1.0186574675324676,2.8782824675324683,1
1991-05-05,2.125746753246754,-3.984165584415585,2
1991-05-12,-2.2313961038961034,0.15726298701298624,2
1991-05-19,6.040032467532466,3.754405844155846,2
1991-05-26,0.5828896103896111,6.088691558441559,2
1991-06-02,0.9056087662337662,3.42860551948052,3
1991-06-09,-1.1358198051948052,-0.024251623376621012,3
1991-06-16,1.1627516233766224,2.585748376623375,3
1991-06-23,-1.7515340909090913,1.355748376623378,3
1991-06-30,-4.037248376623377,6.114319805194807,3
1991-07-07,-1.0819718614718612,1.3981655844155867,4
1991-07-14,-0.8534004329004325,-1.310405844155845,4
1991-07-21,0.6408852813852817,3.7053084415584436,4
1991-07-28,-0.826257575757575,-2.4532629870129874,4
1991-08-04,-2.9437922077922076,-0.1469707792207764,5
1991-08-11,3.3804935064935067,-1.8883993506493475,5
1991-08-18,-1.1723636363636363,-0.1841136363636373,5
1991-08-25,-1.5866493506493506,-0.3426850649350648,5
1991-09-01,-1.437030844155844,7.1600762987012985,6
1991-09-08,-0.1270308441558443,2.820076298701302,6
1991-09-15,5.07725487012987,4.768647727272729,6
1991-09-22,-1.899887987012987,-6.492780844155842,6
1991-09-29,-2.057030844155844,-7.328495129870129,6
1991-10-06,1.502297077922078,0.8360373376623382,7
1991-10-13,-1.9448457792207792,0.5317516233766213,7
1991-10-20,-1.4734172077922079,-2.9725340909090914,7
1991-10-27,2.2308685064935068,0.39746590909090784,7
1991-11-03,0.0,0.0,0
1991-11-10,0.0,0.0,0
1991-11-17,0.0,0.0,0
1991-11-24,0.0,0.0,0
1991-12-01,0.0,0.0,0
1991-12-08,0.0,0.0,0
1991-12-15,0.0,0.0,0
1991-12-22,0.0,0.0,0
1991-12-29,0.0,0.0,0
1992-01-05,0.0,0.0,0
1992-01-12,0.0,0.0,0
1992-01-19,0.0,0.0,0
1992-01-26,0.0,0.0,0
1992-02-02,0.0,0.0,0
1992-02-09,0.0,0.0,0
1992-02-16,0.0,0.0,0
1992-02-23,0.0,0.0,0
1992-03-01,0.0,0.0,0
1992-03-08,0.0,0.0,0
1992-03-15,0.0,0.0,0
1992-03-22,0.0,0.0,0
1992-03-29,0.0,0.0,0
1992-04-05,-2.7256282467532467,-4.473146103896105,1
1992-04-12,0.252943181818182,-0.15743181818181817,1
1992-04-19,2.088657467532468,0.5639967532467534,1
1992-04-26,1.4600860389610388,-3.7502889610389616,1
1992-05-03,-3.3842532467532465,0.15726298701298624,2
1992-05-10,-3.3742532467532462,-0.08845129870129931,2
1992-05-17,3.8114610389610393,2.8301201298701297,2
1992-05-24,-2.131396103896104,2.5272629870129872,2
1992-05-31,-1.2942532467532466,-2.2584512987012992,2
1992-06-07,-4.022962662337663,-1.522823051948052,3
1992-06-14,-3.684391233766234,1.1986055194805232,3
1992-06-21,2.721323051948052,-0.4228230519480505,3
1992-06-28,-2.814391233766234,-2.3499659090909084,3
1992-07-05,-1.0076861471861465,-2.4289772727272734,4
1992-07-12,8.273742424242426,-1.8218344155844122,4
1992-07-19,7.532313852813855,-3.210405844155847,4
1992-07-26,0.6251709956709965,-4.871834415584416,4
1992-08-02,0.17906493506493515,-2.3512564935064937,5
1992-08-09,-0.3752207792207791,-1.5198279220779227,5
1992-08-16,-2.1295064935064936,-4.39697077922078,5
1992-08-23,-2.5523636363636366,-2.325542207792207,5
1992-08-30,1.7719220779220781,-3.6112564935064917,5
1992-09-06,0.8086834415584416,0.5357905844155866,6
1992-09-13,4.344397727272728,-2.1556379870129856,6
1992-09-20,1.0572548701298699,0.26436201298701434,6
1992-09-27,-2.0413165584415585,-4.008495129870127,6
1992-10-04,-1.9448457792207792,3.7874659090909084,7
1992-10-11,6.01372564935065,0.6717516233766219,7
1992-10-18,-1.3591314935064935,-4.889676948051949,7
1992-10-25,-1.6634172077922078,0.08318019480519467,7
1992-11-01,0.0,0.0,0
1992-11-08,0.0,0.0,0
1992-11-15,0.0,0.0,0
1992-11-22,0.0,0.0,0
1992-11-29,0.0,0.0,0
1992-12-06,0.0,0.0,0
1992-12-13,0.0,0.0,0
1992-12-20,0.0,0.0,0
1992-12-27,0.0,0.0,0
1993-01-03,0.0,0.0,0
1993-01-10,0.0,0.0,0
1993-01-17,0.0,0.0,0
1993-01-24,0.0,0.0,0
1993-01-31,0.0,0.0,0
1993-02-07,0.0,0.0,0
1993-02-14,0.0,0.0,0
1993-02-21,0.0,0.0,0
1993-02-28,0.0,0.0,0
1993-03-07,0.0,0.0,0
1993-03-14,0.0,0.0,0
1993-03-21,0.0,0.0,0
1993-03-28,0.0,0.0,0
1993-04-04,0.6472288961038961,-5.650288961038961,1
1993-04-11,-0.44848538961038953,-2.8645746753246755,1
1993-04-18,0.4515146103896104,-2.7188603896103904,1
1993-04-25,2.578657467532468,1.3125681818181807,1
1993-05-02,-0.4471103896103892,-2.5813084415584413,2
1993-05-09,1.991461038961039,2.4858344155844154,2
1993-05-16,-0.8928246753246749,1.0086915584415586,2
1993-05-23,-2.3271103896103895,-2.3384512987012993,2
1993-05-30,2.305746753246754,0.1858344155844165,2
1993-06-06,0.44275162337662355,-7.879965909090906,3
1993-06-13,2.6527516233766226,0.10003409090909443,3
1993-06-20,4.828465909090908,-0.48425162337662186,3
1993-06-27,-1.0943912337662343,1.587176948051951,3
1993-07-04,1.5037424242424247,-0.9446915584415585,4
1993-07-11,5.256599567099569,-1.2246915584415596,4
1993-07-18,2.5794567099567103,-1.5104058441558443,4
1993-07-25,-0.5262575757575756,-1.1532629870129867,4
1993-08-01,-0.8666493506493507,1.078743506493506,5
1993-08-08,-3.186649350649351,-3.214113636363635,5
1993-08-15,4.651922077922077,1.8173149350649354,5
1993-08-22,1.4319220779220774,0.7016006493506524,5
1993-08-29,-1.323792207792208,1.977314935064932,5
1993-09-05,5.301540584415585,0.22721915584416053,6
1993-09-12,-1.8127451298701298,-1.984209415584413,6
1993-09-19,1.5843977272727279,-4.6799237012987,6
1993-09-26,1.0901120129870132,-4.105637987012985,6
1993-10-03,-1.9448457792207792,-1.0953912337662324,7
1993-10-10,1.2365827922077923,1.2546087662337655,7
1993-10-17,-1.4591314935064934,-1.1582483766233782,7
1993-10-24,-1.617702922077922,-1.4239626623376633,7
1993-10-31,-1.9448457792207792,-6.306819805194805,7
1993-11-07,0.0,0.0,0
1993-11-14,0.0,0.0,0
1993-11-21,0.0,0.0,0
1993-11-28,0.0,0.0,0
1993-12-05,0.0,0.0,0
1993-12-12,0.0,0.0,0
1993-12-19,0.0,0.0,0
1993-12-26,0.0,0.0,0
1994-01-02,0.0,0.0,0
1994-01-09,0.0,0.0,0
1994-01-16,0.0,0.0,0
1994-01-23,0.0,0.0,0
1994-01-30,0.0,0.0,0
1994-02-06,0.0,0.0,0
1994-02-13,0.0,0.0,0
1994-02-20,0.0,0.0,0
1994-02-27,0.0,0.0,0
1994-03-06,0.0,0.0,0
1994-03-13,0.0,0.0,0
1994-03-20,0.0,0.0,0
1994-03-27,0.0,0.0,0
1994-04-03,-2.905628246753247,-5.5260032467532465,1
1994-04-10,-2.472771103896104,-3.61886038961039,1
1994-04-17,1.571514610389611,1.1411396103896099,1
1994-04-24,-2.1584853896103895,4.905425324675324,1
1994-05-01,0.9328896103896112,-5.51987987012987,2
1994-05-08,-0.09711038961038954,-4.762737012987014,2
1994-05-15,-1.4842532467532463,1.3801201298701304,2
1994-05-22,-2.888538961038961,4.38012012987013,2
1994-05-29,-0.3171103896103893,4.314405844155841,2
1994-06-05,-1.5758198051948056,-0.9728230519480476,3
1994-06-12,0.6898944805194809,-0.5499659090909077,3
1994-06-19,-0.13153409090909074,5.427176948051951,3
1994-06-26,6.672751623376622,1.9343198051948072,3
1994-07-03,-0.0991147186147181,-1.9932629870129865,4
1994-07-10,-0.13625757575757547,-1.0832629870129864,4
1994-07-17,5.692313852813854,-1.753262987012988,4
1994-07-24,-2.0534004329004323,-0.828977272727272,4
1994-07-31,-2.9976861471861467,-3.4446915584415585,4
1994-08-07,-2.335220779220779,-1.4526850649350642,5
1994-08-14,0.9433506493506489,-3.049827922077924,5
1994-08-21,-1.913792207792208,-1.6483993506493526,5
1994-08-28,-2.5095064935064935,0.6630292207792223,5
1994-09-04,1.414397727272728,-1.2956379870129844,6
1994-09-11,-2.0984594155844154,2.6243620129870138,6
1994-09-18,-2.3513165584415585,4.524362012987016,6
1994-09-25,4.901540584415585,-1.4527808441558427,6
1994-10-02,-0.877702922077922,3.856037337662338,7
1994-10-09,-0.26627435064935057,2.1331801948051954,7
1994-10-16,-1.2205600649350647,1.0717516233766222,7
1994-10-23,0.4837256493506492,3.0988944805194816,7
1994-10-30,-1.9448457792207792,-2.9168198051948053,7
1994-11-06,0.0,0.0,0
1994-11-13,0.0,0.0,0
1994-11-20,0.0,0.0,0
1994-11-27,0.0,0.0,0
1994-12-04,0.0,0.0,0
1994-12-11,0.0,0.0,0
1994-12-18,0.0,0.0,0
1994-12-25,0.0,0.0,0
1995-01-01,0.0,0.0,0
1995-01-08,0.0,0.0,0
1995-01-15,0.0,0.0,0
1995-01-22,0.0,0.0,0
1995-01-29,0.0,0.0,0
1995-02-05,0.0,0.0,0
1995-02-12,0.0,0.0,0
1995-02-19,0.0,0.0,0
1995-02-26,0.0,0.0,0
1995-03-05,0.0,0.0,0
1995-03-12,0.0,0.0,0
1995-03-19,0.0,0.0,0
1995-03-26,0.0,0.0,0
1995-04-02,-1.7341996753246753,-5.446003246753247,1
1995-04-09,0.5943717532467536,-3.174574675324675,1
1995-04-16,2.337228896103896,-2.7774318181818183,1
1995-04-23,1.481514610389611,-1.1402889610389622,1
1995-04-30,0.7086574675324675,-0.0260032467532465,1
1995-05-07,-2.412824675324675,-3.5798798701298704,2
1995-05-14,3.0828896103896115,-1.2227370129870128,2
1995-05-21,-2.8413961038961038,0.1158344155844162,2
1995-05-28,8.440032467532468,-0.3927370129870127,2
1995-06-04,-2.4372483766233772,-2.7142516233766223,3
1995-06-11,-2.0129626623376624,-2.5113944805194777,3
1995-06-18,-4.084391233766234,2.2686055194805235,3
1995-06-25,-2.1129626623376625,5.097176948051949,3
1995-07-02,5.432313852813854,-3.8461201298701297,4
1995-07-09,0.35945670995671053,-2.040405844155842,4
1995-07-16,-1.4105432900432895,4.368165584415586,4
1995-07-23,-0.5062575757575756,-0.5861201298701317,4
1995-07-30,-0.19625757575757508,1.7595941558441552,4
1995-08-06,0.16620779220779225,1.4087435064935079,5
1995-08-13,-0.43950649350649407,4.848743506493509,5
1995-08-20,1.1990649350649352,2.178743506493504,5
1995-08-27,-3.368077922077922,2.9287435064935075,5
1995-09-03,3.1672548701298706,5.654362012987015,6
1995-09-10,-2.0556022727272727,-0.7599237012986997,6
1995-09-17,-1.879887987012987,-0.4242094155844143,6
1995-09-24,4.822969155844156,-8.925637987012985,6
1995-10-01,0.1737256493506496,5.6660373376623365,7
1995-10-08,0.4165827922077925,0.9960373376623366,7
1995-10-15,-1.6262743506493507,3.00889448051948,7
1995-10-22,-1.5219886363636363,-1.9753912337662332,7
1995-10-29,0.9537256493506494,-3.7625340909090914,7
1995-11-05,0.0,0.0,0
1995-11-12,0.0,0.0,0
1995-11-19,0.0,0.0,0
1995-11-26,0.0,0.0,0
1995-12-03,0.0,0.0,0
1995-12-10,0.0,0.0,0
1995-12-17,0.0,0.0,0
1995-12-24,0.0,0.0,0
1995-12-31,0.0,0.0,0
1996-01-07,0.0,0.0,0
1996-01-14,0.0,0.0,0
1996-01-21,0.0,0.0,0
1996-01-28,0.0,0.0,0
1996-02-04,0.0,0.0,0
1996-02-11,0.0,0.0,0
1996-02-18,0.0,0.0,0
1996-02-25,0.0,0.0,0
1996-03-03,0.0,0.0,0
1996-03-10,0.0,0.0,0
1996-03-17,0.0,0.0,0
1996-03-24,0.0,0.0,0
1996-03-31,0.0,0.0,0
1996-04-07,-2.7970568181818183,-5.617431818181818,1
1996-04-14,-2.4484853896103895,-2.304574675324675,1
1996-04-21,-0.07705681818181853,0.962568181818181,1
1996-04-28,-1.9856282467532467,0.6625681818181821,1
1996-05-05,-0.7785389610389606,-5.597022727272726,2
1996-05-12,1.6571753246753254,-3.7755941558441553,2
1996-05-19,-2.4542532467532463,2.372977272727274,2
1996-05-26,2.2857467532467535,0.142977272727272,2
1996-06-02,5.149894480519481,-6.494251623376622,3
1996-06-09,-2.092962662337663,-5.154251623376622,3
1996-06-16,-0.8715340909090914,2.2600340909090946,3
1996-06-23,5.0241801948051945,1.4143198051948076,3
1996-06-30,-3.517248376623377,4.510034090909095,3
1996-07-07,-2.469114718614718,-0.28469155844155836,4
1996-07-14,-3.406257575757575,-3.420405844155841,4
1996-07-21,-0.7491147186147176,-0.24040584415584476,4
1996-07-28,-1.1019718614718608,-2.1832629870129843,4
1996-08-04,-0.6480779220779223,-1.3855422077922093,5
1996-08-11,4.131922077922077,0.8344577922077931,5
1996-08-18,-3.548077922077922,-1.7398279220779216,5
1996-08-25,5.72335064935065,-0.45839935064935133,5
1996-09-01,-1.7756022727272727,2.765790584415587,6
1996-09-08,-1.3984594155844154,4.200076298701301,6
1996-09-15,-0.5513165584415582,-3.3027808441558424,6
1996-09-22,-1.1884594155844157,-3.1599237012987,6
1996-09-29,-0.3556022727272725,-5.701352272727272,6
1996-10-06,-1.9448457792207792,2.38032305194805,7
1996-10-13,-1.7019886363636363,0.024608766233765067,7
1996-10-20,-0.5077029220779221,2.111751623376623,7
1996-10-27,2.1594399350649347,-2.201105519480521,7
1996-11-03,0.0,0.0,0
1996-11-10,0.0,0.0,0
1996-11-17,0.0,0.0,0
1996-11-24,0.0,0.0,0
1996-12-01,0.0,0.0,0
1996-12-08,0.0,0.0,0
1996-12-15,0.0,0.0,0
1996-12-22,0.0,0.0,0
1996-12-29,0.0,0.0,0
1997-01-05,0.0,0.0,0
1997-01-12,0.0,0.0,0
1997-01-19,0.0,0.0,0
1997-01-26,0.0,0.0,0
1997-02-02,0.0,0.0,0
1997-02-09,0.0,0.0,0
1997-02-16,0.0,0.0,0
1997-02-23,0.0,0.0,0
1997-03-02,0.0,0.0,0
1997-03-09,0.0,0.0,0
1997-03-16,0.0,0.0,0
1997-03-23,0.0,0.0,0
1997-03-30,0.0,0.0,0
1997-04-06,-0.21562824675324688,1.2382824675324677,1
1997-04-13,-1.6684853896103897,-10.224574675324675,1
1997-04-20,-2.207056818181818,-1.6717175324675333,1
1997-04-27,-2.5284853896103896,1.1454253246753243,1
1997-05-04,2.1586038961038962,-4.6455941558441545,2
1997-05-11,-0.18425324675324628,-1.744165584415585,2
1997-05-18,-2.145681818181818,-2.7755941558441553,2
1997-05-25,-0.9613961038961039,-1.0770227272727286,2
1997-06-01,-2.7029626623376624,-7.192823051948048,3
1997-06-08,-2.89010551948052,-1.5085373376623323,3
1997-06-15,-2.851534090909091,0.13003409090909201,3
1997-06-22,3.2013230519480516,2.4714626623376645,3
1997-06-29,1.0027516233766232,4.058605519480523,3
1997-07-06,-1.1019718614718608,-2.8161201298701286,4
1997-07-13,0.5980281385281399,-0.9561201298701327,4
1997-07-20,-1.979114718614718,3.1767370129870116,4
1997-07-27,1.6451709956709961,2.438165584415586,4
1997-08-03,-2.9580779220779223,0.35874350649350717,5
1997-08-10,-2.3380779220779226,-0.7869707792207805,5
1997-08-17,1.1047792207792209,-1.522685064935068,5
1997-08-24,-2.4437922077922076,-3.0555422077922074,5
1997-08-31,-2.166649350649351,0.9558863636363668,5
1997-09-07,-0.6141737012987014,1.525790584415585,6
1997-09-14,-1.8556022727272725,-0.24563798701298722,6
1997-09-21,-0.09417370129870095,0.6300762987012973,6
1997-09-28,1.382969155844156,-2.314209415584413,6
1997-10-05,-1.9448457792207792,8.154608766233766,7
1997-10-12,1.1394399350649358,8.106037337662338,7
1997-10-19,-0.4877029220779221,-1.7296769480519494,7
1997-10-26,-1.6719886363636363,-6.328248376623377,7
1997-11-02,0.0,0.0,0
1997-11-09,0.0,0.0,0
1997-11-16,0.0,0.0,0
1997-11-23,0.0,0.0,0
1997-11-30,0.0,0.0,0
1997-12-07,0.0,0.0,0
1997-12-14,0.0,0.0,0
1997-12-21,0.0,0.0,0
1997-12-28,0.0,0.0,0
1998-01-04,0.0,0.0,0
1998-01-11,0.0,0.0,0
1998-01-18,0.0,0.0,0
1998-01-25,0.0,0.0,0
1998-02-01,0.0,0.0,0
1998-02-08,0.0,0.0,0
1998-02-15,0.0,0.0,0
1998-02-22,0.0,0.0,0
1998-03-01,0.0,0.0,0
1998-03-08,0.0,0.0,0
1998-03-15,0.0,0.0,0
1998-03-22,0.0,0.0,0
1998-03-29,0.0,0.0,0
1998-04-05,1.4329431818181813,-1.2588603896103905,1
1998-04-12,1.7458003246753244,1.9239967532467528,1
1998-04-19,2.1458003246753248,1.3497110389610398,1
1998-04-26,1.7843717532467536,3.655425324675324,1
1998-05-03,-2.0613961038961035,-2.9670227272727274,2
1998-05-10,-0.9013961038961034,1.7001201298701307,2
1998-05-17,-1.7185389610389608,5.42012012987013,2
1998-05-24,1.5828896103896115,5.055834415584419,2
1998-05-31,-0.5642532467532466,5.485834415584415,2
1998-06-07,-1.5101055194805197,-6.621394480519479,3
1998-06-14,3.2441801948051943,-2.6313944805194787,3
1998-06-21,7.0698944805194825,0.8386055194805202,3
1998-06-28,-0.33296266233766225,4.484319805194808,3
1998-07-05,-0.1848290043290035,-0.3518344155844133,4
1998-07-12,-1.8691147186147181,1.0738798701298684,4
1998-07-19,1.0551709956709963,1.6010227272727278,4
1998-07-26,-1.569114718614718,-0.40612012987012847,4
1998-08-02,-3.2895064935064937,-0.24125649350649425,5
1998-08-09,5.389064935064935,-0.18982792207792087,5
1998-08-16,-2.6523636363636363,0.6944577922077926,5
1998-08-23,-0.5380779220779219,3.5287435064935053,5
1998-08-30,-0.015220779220779246,0.6730292207792203,5
1998-09-06,-1.3656022727272725,3.1215048701298684,6
1998-09-13,-2.741316558441558,2.305790584415586,6
1998-09-20,1.9672548701298704,4.031504870129872,6
1998-09-27,-0.44703084415584415,-0.9142094155844127,6
1998-10-04,2.472297077922078,3.331751623376624,7
1998-10-11,-0.04484577922077926,1.3488944805194798,7
1998-10-18,5.202297077922078,1.4174659090909074,7
1998-10-25,-1.920560064935065,-1.211105519480519,7
1998-11-01,0.0,0.0,0
1998-11-08,0.0,0.0,0
1998-11-15,0.0,0.0,0
1998-11-22,0.0,0.0,0
1998-11-29,0.0,0.0,0
1998-12-06,0.0,0.0,0
1998-12-13,0.0,0.0,0
1998-12-20,0.0,0.0,0
1998-12-27,0.0,0.0,0
1999-01-03,0.0,0.0,0
1999-01-10,0.0,0.0,0
1999-01-17,0.0,0.0,0
1999-01-24,0.0,0.0,0
1999-01-31,0.0,0.0,0
1999-02-07,0.0,0.0,0
1999-02-14,0.0,0.0,0
1999-02-21,0.0,0.0,0
1999-02-28,0.0,0.0,0
1999-03-07,0.0,0.0,0
1999-03-14,0.0,0.0,0
1999-03-21,0.0,0.0,0
1999-03-28,0.0,0.0,0
1999-04-04,1.1900860389610393,3.7082824675324666,1
1999-04-11,5.4600860389610375,1.0482824675324682,1
1999-04-18,0.9515146103896104,-1.610288961038961,1
1999-04-25,2.3572288961038956,1.1139967532467523,1
1999-05-02,-0.5985389610389604,-2.6427370129870127,2
1999-05-09,-1.4171103896103892,-0.7341655844155852,2
1999-05-16,3.99146103896104,0.554405844155843,2
1999-05-23,2.458603896103896,1.932977272727273,2
1999-05-30,-3.1313961038961033,3.0215487012987037,2
1999-06-06,3.462751623376623,-0.9585373376623352,3
1999-06-13,3.328465909090909,2.7314626623376626,3
1999-06-20,-2.71010551948052,-4.448537337662337,3
1999-06-27,-1.7643912337662337,2.9728912337662337,3
1999-07-04,2.693742424242424,-1.891834415584416,4
1999-07-11,-2.801971861471861,0.018165584415584135,4
1999-07-18,2.8123138528138534,0.6567370129870156,4
1999-07-25,4.102313852813852,4.062451298701301,4
1999-08-01,-0.000935064935065455,4.75017207792208,5
1999-08-08,-2.666649350649351,-0.5798279220779214,5
1999-08-15,-1.480935064935065,-1.4241136363636357,5
1999-08-22,-2.425220779220779,-1.0255422077922063,5
1999-08-29,-1.6995064935064936,0.3973149350649372,5
1999-09-05,-1.5856022727272727,4.354362012987018,6
1999-09-12,-0.33274512987012983,-0.27135227272727036,6
1999-09-19,-2.53274512987013,-3.687066558441556,6
1999-09-26,-2.7513165584415584,-3.418495129870129,6
1999-10-03,3.5737256493506493,-1.0682483766233766,7
1999-10-10,-1.0734172077922075,1.6317516233766227,7
1999-10-17,-1.460560064935065,1.3417516233766218,7
1999-10-24,-1.920560064935065,-4.732534090909091,7
1999-10-31,-1.1348457792207793,0.5446087662337646,7
1999-11-07,0.0,0.0,0
1999-11-14,0.0,0.0,0
1999-11-21,0.0,0.0,0
1999-11-28,0.0,0.0,0
1999-12-05,0.0,0.0,0
1999-12-12,0.0,0.0,0
1999-12-19,0.0,0.0,0
1999-12-26,0.0,0.0,0
2000-01-02,0.0,0.0,0
2000-01-09,0.0,0.0,0
2000-01-16,0.0,0.0,0
2000-01-23,0.0,0.0,0
2000-01-30,0.0,0.0,0
2000-02-06,0.0,0.0,0
2000-02-13,0.0,0.0,0
2000-02-20,0.0,0.0,0
2000-02-27,0.0,0.0,0
2000-03-05,0.0,0.0,0
2000-03-12,0.0,0.0,0
2000-03-19,0.0,0.0,0
2000-03-26,0.0,0.0,0
2000-04-02,-2.7384853896103896,-0.8402889610389606,1
2000-04-09,-1.757056818181818,-2.4702889610389613,1
2000-04-16,-2.172771103896104,-0.5260032467532465,1
2000-04-23,3.5186574675324676,1.0997110389610398,1
2000-04-30,-2.1670568181818184,4.025425324675325,1
2000-05-07,-3.327110389610389,4.577262987012984,2
2000-05-14,0.124318181818182,0.7572629870129859,2
2000-05-21,2.434318181818182,-0.35416558441558266,2
2000-05-28,0.5157467532467539,2.684405844155842,2
2000-06-04,0.6627516233766233,-3.0042516233766214,3
2000-06-11,-2.421534090909091,0.18860551948052162,3
2000-06-18,5.885608766233765,-2.0756801948051944,3
2000-06-25,0.2570373376623367,1.3271769480519495,3
2000-07-02,1.3508852813852816,-2.424691558441559,4
2000-07-09,1.7794567099567105,1.3153084415584395,4
2000-07-16,-1.381971861471861,1.2038798701298674,4
2000-07-23,-2.849114718614718,-4.446120129870128,4
2000-07-30,-1.744829004329004,-0.9318344155844152,4
2000-08-06,0.12763636363636355,0.47731493506493905,5
2000-08-13,-0.9380779220779223,2.105886363636362,5
2000-08-20,0.26620779220779234,-0.5255422077922063,5
2000-08-27,-2.043792207792208,-0.2926850649350641,5
2000-09-03,-1.6184594155844154,6.08721915584416,6
2000-09-10,-2.5556022727272727,1.6672191558441583,6
2000-09-17,2.495826298701299,0.11007629870130131,6
2000-09-24,1.5501120129870132,-3.4913522727272692,6
2000-10-01,-1.7348457792207792,4.18889448051948,7
2000-10-08,0.11658279220779177,-2.482534090909091,7
2000-10-15,-1.2777029220779221,-0.40824837662337643,7
2000-10-22,-0.9634172077922077,2.554608766233766,7
2000-10-29,0.03515422077922081,3.983180194805195,7
2000-11-05,0.0,0.0,0
2000-11-12,0.0,0.0,0
2000-11-19,0.0,0.0,0
2000-11-26,0.0,0.0,0
2000-12-03,0.0,0.0,0
2000-12-10,0.0,0.0,0
2000-12-17,0.0,0.0,0
2000-12-24,0.0,0.0,0
2000-12-31,0.0,0.0,0
2001-01-07,0.0,0.0,0
2001-01-14,0.0,0.0,0
2001-01-21,0.0,0.0,0
2001-01-28,0.0,0.0,0
2001-02-04,0.0,0.0,0
2001-02-11,0.0,0.0,0
2001-02-18,0.0,0.0,0
2001-02-25,0.0,0.0,0
2001-03-04,0.0,0.0,0
2001-03-11,0.0,0.0,0
2001-03-18,0.0,0.0,0
2001-03-25,0.0,0.0,0
2001-04-01,-2.077056818181818,-8.444574675324676,1
2001-04-08,0.10865746753246741,-0.3617175324675337,1
2001-04-15,5.488657467532468,1.9968538961038949,1
2001-04-22,-0.6684853896103893,0.7097110389610393,1
2001-04-29,-1.5713425324675325,6.202568181818181,1
2001-05-06,6.945746753246754,2.0901201298701277,2
2001-05-13,-1.0113961038961032,0.9186915584415587,2
2001-05-20,-1.522824675324675,5.757262987012984,2
2001-05-27,2.6500324675324682,-2.984165584415585,2
2001-06-03,-1.9458198051948052,-6.38425162337662,3
2001-06-10,-1.5558198051948056,-3.2942516233766206,3
2001-06-17,1.721323051948052,2.067176948051948,3
2001-06-24,-3.6601055194805197,-0.2028230519480516,3
2001-07-01,-3.4305432900432895,1.4038798701298703,4
2001-07-08,-3.0491147186147183,-0.698977272727273,4
2001-07-15,-1.3119718614718607,-0.05326298701298526,4
2001-07-22,3.688028138528139,2.831022727272728,4
2001-07-29,0.6737424242424246,0.5553084415584415,4
2001-08-05,0.35192207792207775,5.348743506493506,5
2001-08-12,-3.343792207792208,2.1244577922077923,5
2001-08-19,2.837636363636363,-3.2326850649350654,5
2001-08-26,-2.2766493506493504,0.00017207792208040473,5
2001-09-02,-0.7756022727272727,2.2886477272727284,6
2001-09-09,-0.8741737012987012,2.2857905844155866,6
2001-09-16,0.1486834415584415,-2.258495129870127,6
2001-09-23,0.5529691558441558,-2.437066558441556,6
2001-09-30,-2.4984594155844153,-6.6327808441558425,6
2001-10-07,-0.9019886363636362,2.130323051948052,7
2001-10-14,1.142297077922078,1.3817516233766227,7
2001-10-21,-1.9062743506493507,-2.8911055194805204,7
2001-10-28,1.445154220779221,-3.885391233766234,7
2001-11-04,0.0,0.0,0
2001-11-11,0.0,0.0,0
2001-11-18,0.0,0.0,0
2001-11-25,0.0,0.0,0
2001-12-02,0.0,0.0,0
2001-12-09,0.0,0.0,0
2001-12-16,0.0,0.0,0
2001-12-23,0.0,0.0,0
2001-12-30,0.0,0.0,0
2002-01-06,0.0,0.0,0
2002-01-13,0.0,0.0,0
2002-01-20,0.0,0.0,0
2002-01-27,0.0,0.0,0
2002-02-03,0.0,0.0,0
2002-02-10,0.0,0.0,0
2002-02-17,0.0,0.0,0
2002-02-24,0.0,0.0,0
2002-03-03,0.0,0.0,0
2002-03-10,0.0,0.0,0
2002-03-17,0.0,0.0,0
2002-03-24,0.0,0.0,0
2002-03-31,0.0,0.0,0
2002-04-07,-2.0284853896103896,-7.094574675324676,1
2002-04-14,1.9715146103896104,1.7997110389610373,1
2002-04-21,-0.029913961038960935,7.576853896103893,1
2002-04-28,1.4286574675324668,-1.2988603896103905,1
2002-05-05,-1.4742532467532463,-4.868451298701299,2
2002-05-12,2.668603896103896,-1.4384512987012972,2
2002-05-19,-2.1185389610389604,-3.84987987012987,2
2002-05-26,-1.522824675324675,-2.4341655844155845,2
2002-06-02,-2.9601055194805195,1.465748376623381,3
2002-06-09,1.60989448051948,-1.225680194805193,3
2002-06-16,-0.0615340909090909,-0.1428230519480529,3
2002-06-23,-1.7029626623376624,2.911462662337666,3
2002-06-30,-3.9415340909090912,5.044319805194807,3
2002-07-07,-1.2505432900432893,3.848165584415586,4
2002-07-14,0.6651709956709957,-0.45754870129870184,4
2002-07-21,-1.739114718614718,2.9467370129870147,4
2002-07-28,6.80802813852814,0.7924512987012982,4
2002-08-04,2.580493506493506,2.297314935064936,5
2002-08-11,5.156207792207791,0.1873149350649328,5
2002-08-18,2.2862077922077915,-1.5155422077922083,5
2002-08-25,6.191922077922078,-0.5926850649350648,5
2002-09-01,-2.584173701298701,4.61150487012987,6
2002-09-08,-2.1984594155844155,4.894362012987017,6
2002-09-15,-0.5041737012987015,1.4957905844155839,6
2002-09-22,-0.1884594155844157,-0.354209415584414,6
2002-09-29,-1.4413165584415581,-5.0270665584415575,6
2002-10-06,5.1037256493506495,4.2931801948051955,7
2002-10-13,-1.4305600649350647,1.1260373376623374,7
2002-10-20,-1.687702922077922,-5.516819805194806,7
2002-10-27,-0.34913149350649353,-7.953962662337663,7
2002-11-03,0.0,0.0,0
2002-11-10,0.0,0.0,0
2002-11-17,0.0,0.0,0
2002-11-24,0.0,0.0,0
2002-12-01,0.0,0.0,0
2002-12-08,0.0,0.0,0
2002-12-15,0.0,0.0,0
2002-12-22,0.0,0.0,0
2002-12-29,0.0,0.0,0
2003-01-05,0.0,0.0,0
2003-01-12,0.0,0.0,0
2003-01-19,0.0,0.0,0
2003-01-26,0.0,0.0,0
2003-02-02,0.0,0.0,0
2003-02-09,0.0,0.0,0
2003-02-16,0.0,0.0,0
2003-02-23,0.0,0.0,0
2003-03-02,0.0,0.0,0
2003-03-09,0.0,0.0,0
2003-03-16,0.0,0.0,0
2003-03-23,0.0,0.0,0
2003-03-30,0.0,0.0,0
2003-04-06,-2.4484853896103895,-2.054574675324676,1
2003-04-13,-1.2770568181818183,-4.004574675324676,1
2003-04-20,0.10437175324675296,5.073996753246753,1
2003-04-27,-2.352771103896104,2.283996753246752,1
2003-05-04,4.220032467532468,-1.9384512987012972,2
2003-05-11,2.225746753246754,-3.327022727272727,2
2003-05-18,-1.0028246753246752,-0.8455941558441555,2
2003-05-25,-2.012824675324675,-1.341308441558441,2
2003-06-01,-3.7458198051948055,-3.048537337662335,3
2003-06-08,1.6427516233766237,-5.1899659090909065,3
2003-06-15,-2.3758198051948054,-1.0499659090909077,3
2003-06-22,-3.432962662337663,0.9257483766233783,3
2003-06-29,8.844180194805194,1.2414626623376677,3
2003-07-06,0.2608852813852818,1.035308441558442,4
2003-07-13,6.855170995670997,-1.7204058441558452,4
2003-07-20,-2.1105432900432897,-0.536120129870131,4
2003-07-27,-1.1591147186147182,-1.5246915584415603,4
2003-08-03,-2.3137922077922077,0.5458863636363631,5
2003-08-10,-1.6052207792207793,-0.3926850649350655,5
2003-08-17,-3.4766493506493505,1.3344577922077931,5
2003-08-24,-3.3666493506493507,2.8716006493506505,5
2003-08-31,-3.448077922077922,1.3616006493506525,5
2003-09-07,-2.0984594155844154,0.8186477272727295,6
2003-09-14,2.7486834415584416,2.238647727272731,6
2003-09-21,-1.1884594155844157,-1.935637987012985,6
2003-09-28,-1.7041737012987013,-5.904209415584415,6
2003-10-05,-1.8734172077922078,-2.801105519480519,7
2003-10-12,-0.9791314935064935,6.054608766233768,7
2003-10-19,-0.44484577922077917,-0.5239626623376612,7
2003-10-26,-1.7262743506493505,0.11175162337662314,7
2003-11-02,0.0,0.0,0
2003-11-09,0.0,0.0,0
2003-11-16,0.0,0.0,0
2003-11-23,0.0,0.0,0
2003-11-30,0.0,0.0,0
2003-12-07,0.0,0.0,0
2003-12-14,0.0,0.0,0
2003-12-21,0.0,0.0,0
2003-12-28,0.0,0.0,0
2004-01-04,0.0,0.0,0
2004-01-11,0.0,0.0,0
2004-01-18,0.0,0.0,0
2004-01-25,0.0,0.0,0
2004-02-01,0.0,0.0,0
2004-02-08,0.0,0.0,0
2004-02-15,0.0,0.0,0
2004-02-22,0.0,0.0,0
2004-02-29,0.0,0.0,0
2004-03-07,0.0,0.0,0
2004-03-14,0.0,0.0,0
2004-03-21,0.0,0.0,0
2004-03-28,0.0,0.0,0
2004-04-04,-2.215628246753247,-2.7731461038961047,1
2004-04-11,-2.919913961038961,-0.521717532467532,1
2004-04-18,-2.1527711038961037,3.0554253246753245,1
2004-04-25,5.384371753246752,3.406853896103895,1
2004-05-02,-2.569967532467532,-3.9013084415584416,2
2004-05-09,-0.371396103896104,-0.7284512987012981,2
2004-05-16,2.538603896103897,0.5401201298701306,2
2004-05-23,13.69146103896104,2.881548701298703,2
2004-05-30,5.178603896103896,1.3915487012987011,2
2004-06-06,0.14846590909090907,-2.764251623376623,3
2004-06-13,-1.564391233766234,2.7100340909090903,3
2004-06-20,0.6098944805194799,-1.437108766233763,3
2004-06-27,-2.498676948051948,-3.831394480519478,3
2004-07-04,-1.1591147186147182,-2.0932629870129844,4
2004-07-11,4.608028138528139,-3.0189772727272732,4
2004-07-18,-2.979114718614718,-0.6104058441558422,4
2004-07-25,-1.1548290043290037,-1.214691558441558,4
2004-08-01,-0.31093506493506506,-1.844113636363634,5
2004-08-08,-0.5580779220779224,-0.921256493506494,5
2004-08-15,-3.533792207792208,-6.201256493506493,5
2004-08-22,-2.0095064935064935,-4.499827922077923,5
2004-08-29,1.6804935064935065,-0.6912564935064935,5
2004-09-05,-1.9084594155844155,3.5372191558441592,6
2004-09-12,-2.3556022727272725,0.6043620129870177,6
2004-09-19,11.258683441558441,1.8057905844155862,6
2004-09-26,0.3958262987012988,0.9029334415584458,6
2004-10-03,-0.6734172077922076,1.87746590909091,7
2004-10-10,0.5080113636363641,1.4617516233766228,7
2004-10-17,-1.7648457792207792,-3.129676948051949,7
2004-10-24,-0.22913149350649342,-0.1525340909090911,7
2004-10-31,0.4080113636363636,0.8760373376623374,7
2004-11-07,0.0,0.0,0
2004-11-14,0.0,0.0,0
2004-11-21,0.0,0.0,0
2004-11-28,0.0,0.0,0
2004-12-05,0.0,0.0,0
2004-12-12,0.0,0.0,0
2004-12-19,0.0,0.0,0
2004-12-26,0.0,0.0,0
2005-01-02,0.0,0.0,0
2005-01-09,0.0,0.0,0
2005-01-16,0.0,0.0,0
2005-01-23,0.0,0.0,0
2005-01-30,0.0,0.0,0
2005-02-06,0.0,0.0,0
2005-02-13,0.0,0.0,0
2005-02-20,0.0,0.0,0
2005-02-27,0.0,0.0,0
2005-03-06,0.0,0.0,0
2005-03-13,0.0,0.0,0
2005-03-20,0.0,0.0,0
2005-03-27,0.0,0.0,0
2005-04-03,-1.0570568181818183,0.9682824675324682,1
2005-04-10,-2.1913425324675324,6.162568181818182,1
2005-04-17,1.9615146103896106,4.218282467532468,1
2005-04-24,3.2129431818181815,4.153996753246753,1
2005-05-01,-2.6985389610389605,-8.58987987012987,2
2005-05-08,-1.655681818181818,-2.995594155844156,2
2005-05-15,5.39146103896104,-1.831308441558443,2
2005-05-22,-1.1285389610389607,1.3558344155844164,2
2005-05-29,-1.8813961038961033,2.0601201298701266,2
2005-06-05,-0.9272483766233766,-1.3671087662337662,3
2005-06-12,0.47846590909090914,2.5100340909090946,3
2005-06-19,-3.727248376623377,-0.34282305194804863,3
2005-06-26,6.909894480519481,4.607176948051947,3
2005-07-03,-0.11625757575757545,0.08530844155844264,4
2005-07-10,-3.1148290043290037,-0.5304058441558439,4
2005-07-17,-2.981971861471861,2.4524512987012983,4
2005-07-24,0.9880281385281386,2.792451298701298,4
2005-07-31,-0.9876861471861464,-0.7404058441558448,4
2005-08-07,-2.2995064935064935,1.5316006493506507,5
2005-08-14,1.3247792207792206,1.2387435064935062,5
2005-08-21,-1.1852207792207796,0.08874350649350404,5
2005-08-28,-2.433792207792208,-2.2483993506493505,5
2005-09-04,-1.8556022727272725,2.655790584415584,6
2005-09-11,2.035826298701299,5.380076298701297,6
2005-09-18,-0.537030844155844,1.4486477272727285,6
2005-09-25,5.228683441558442,1.8400762987012982,6
2005-10-02,0.24086850649350633,4.796037337662337,7
2005-10-09,0.1708685064935065,3.341751623376622,7
2005-10-16,-1.3305600649350646,1.264608766233767,7
2005-10-23,-1.201988636363636,-0.49110551948052006,7
2005-10-30,-1.5248457792207792,-3.9868198051948056,7
2005-11-06,0.0,0.0,0
2005-11-13,0.0,0.0,0
2005-11-20,0.0,0.0,0
2005-11-27,0.0,0.0,0
2005-12-04,0.0,0.0,0
2005-12-11,0.0,0.0,0
2005-12-18,0.0,0.0,0
2005-12-25,0.0,0.0,0
2006-01-01,0.0,0.0,0
2006-01-08,0.0,0.0,0
2006-01-15,0.0,0.0,0
2006-01-22,0.0,0.0,0
2006-01-29,0.0,0.0,0
2006-02-05,0.0,0.0,0
2006-02-12,0.0,0.0,0
2006-02-19,0.0,0.0,0
2006-02-26,0.0,0.0,0
2006-03-05,0.0,0.0,0
2006-03-12,0.0,0.0,0
2006-03-19,0.0,0.0,0
2006-03-26,0.0,0.0,0
2006-04-02,5.842943181818182,-2.3945746753246757,1
2006-04-09,0.2843717532467531,-0.7845746753246763,1
2006-04-16,1.36151461038961,7.993996753246753,1
2006-04-23,-2.2056282467532466,3.5768538961038967,1
2006-04-30,4.494371753246755,2.625425324675323,1
2006-05-07,-0.645681818181818,-3.0384512987012986,2
2006-05-14,-0.2928246753246748,-2.5870227272727266,2
2006-05-21,-2.765681818181818,-0.018451298701297247,2
2006-05-28,-1.989967532467532,5.850120129870129,2
2006-06-04,-1.484391233766234,2.382891233766234,3
2006-06-11,-0.5115340909090915,-0.39710876623376734,3
2006-06-18,0.8770373376623368,0.5600340909090917,3
2006-06-25,-1.3886769480519483,0.6257483766233811,3
2006-07-02,-2.324829004329004,-1.7075487012987018,4
2006-07-09,-3.1019718614718608,-1.330405844155841,4
2006-07-16,-2.449114718614718,1.6638798701298683,4
2006-07-23,-0.08197186147186075,0.7924512987012982,4
2006-07-30,-2.1591147186147177,3.7824512987013,4
2006-08-06,3.3662077922077915,3.958743506493505,5
2006-08-13,-1.513792207792208,1.0144577922077929,5
2006-08-20,0.15763636363636335,-0.9483993506493498,5
2006-08-27,-0.8295064935064933,0.45874350649350504,5
2006-09-03,2.7629691558441567,0.8572191558441595,6
2006-09-10,-0.9698879870129868,0.3129334415584424,6
2006-09-17,2.568683441558442,-1.094209415584416,6
2006-09-24,1.1072548701298701,-6.685637987012987,6
2006-10-01,-1.787702922077922,2.3503230519480507,7
2006-10-08,-1.9448457792207792,6.006037337662336,7
2006-10-15,-1.254845779220779,-5.002534090909092,7
2006-10-22,0.11086850649350644,-4.241105519480519,7
2006-10-29,-1.2077029220779218,-7.049676948051948,7
2006-11-05,0.0,0.0,0
2006-11-12,0.0,0.0,0
2006-11-19,0.0,0.0,0
2006-11-26,0.0,0.0,0
2006-12-03,0.0,0.0,0
2006-12-10,0.0,0.0,0
2006-12-17,0.0,0.0,0
2006-12-24,0.0,0.0,0
2006-12-31,0.0,0.0,0
2007-01-07,0.0,0.0,0
2007-01-14,0.0,0.0,0
2007-01-21,0.0,0.0,0
2007-01-28,0.0,0.0,0
2007-02-04,0.0,0.0,0
2007-02-11,0.0,0.0,0
2007-02-18,0.0,0.0,0
2007-02-25,0.0,0.0,0
2007-03-04,0.0,0.0,0
2007-03-11,0.0,0.0,0
2007-03-18,0.0,0.0,0
2007-03-25,0.0,0.0,0
2007-04-01,4.737228896103897,4.375425324675323,1
2007-04-08,-1.5384853896103896,-8.394574675324675,1
2007-04-15,-0.4156282467532466,-6.223146103896104,1
2007-04-22,-1.8670568181818181,4.376853896103896,1
2007-04-29,4.665800324675326,4.462568181818183,1
2007-05-06,2.5671753246753255,2.4186915584415605,2
2007-05-13,-3.098538961038961,4.6786915584415585,2
2007-05-20,-1.569967532467532,3.0558344155844157,2
2007-05-27,2.320032467532468,3.6629772727272734,2
2007-06-03,1.1784659090909093,-0.7628230519480539,3
2007-06-10,-2.438676948051948,-1.6842516233766212,3
2007-06-17,-3.8086769480519482,3.8914626623376627,3
2007-06-24,-0.5615340909090913,1.404319805194806,3
2007-07-01,-3.334829004329004,-1.3661201298701293,4
2007-07-08,3.0794567099567103,1.4910227272727283,4
2007-07-15,0.48945670995671087,-1.5546915584415615,4
2007-07-22,1.6880281385281397,-0.3432629870129844,4
2007-07-29,1.3351709956709965,1.213879870129869,4
2007-08-05,4.533350649350648,1.9301720779220801,5
2007-08-12,-0.3052207792207793,3.458743506493505,5
2007-08-19,6.309064935064935,1.2787435064935053,5
2007-08-26,9.737636363636364,0.3358863636363658,5
2007-09-02,-1.1227451298701299,3.517219155844156,6
2007-09-09,-0.9513165584415584,4.192933441558441,6
2007-09-16,-0.9656022727272726,-5.268495129870129,6
2007-09-23,-1.2984594155844156,1.9343620129870125,6
2007-09-30,0.5043977272727274,-0.7156379870129861,6
2007-10-07,3.0894399350649353,8.946037337662338,7
2007-10-14,2.373725649350649,1.5860373376623382,7
2007-10-21,2.7237256493506488,2.0903230519480527,7
2007-10-28,-1.8834172077922078,-2.7768198051948065,7
2007-11-04,0.0,0.0,0
2007-11-11,0.0,0.0,0
2007-11-18,0.0,0.0,0
2007-11-25,0.0,0.0,0
2007-12-02,0.0,0.0,0
2007-12-09,0.0,0.0,0
2007-12-16,0.0,0.0,0
2007-12-23,0.0,0.0,0
2007-12-30,0.0,0.0,0
2008-01-06,0.0,0.0,0
2008-01-13,0.0,0.0,0
2008-01-20,0.0,0.0,0
2008-01-27,0.0,0.0,0
2008-02-03,0.0,0.0,0
2008-02-10,0.0,0.0,0
2008-02-17,0.0,0.0,0
2008-02-24,0.0,0.0,0
2008-03-02,0.0,0.0,0
2008-03-09,0.0,0.0,0
2008-03-16,0.0,0.0,0
2008-03-23,0.0,0.0,0
2008-03-30,0.0,0.0,0
2008-04-06,0.22865746753246752,-3.0960032467532477,1
2008-04-13,3.884371753246753,-4.5417175324675325,1
2008-04-20,0.06437175324675337,0.5782824675324676,1
2008-04-27,2.047228896103897,3.17256818181818,1
2008-05-04,-1.0885389610389606,-5.9584512987012985,2
2008-05-11,1.7528896103896114,-1.4284512987012992,2
2008-05-18,-2.565681818181818,-1.5741655844155833,2
2008-05-25,-1.012824675324675,-0.6855941558441554,2
2008-06-01,5.634180194805194,-3.828537337662336,3
2008-06-08,11.009894480519481,0.5986055194805218,3
2008-06-15,0.9256087662337658,0.12003409090909045,3
2008-06-22,-3.48010551948052,-0.6171087662337662,3
2008-06-29,-0.6786769480519483,0.7471769480519512,3
2008-07-06,-2.691971861471861,-2.237548701298703,4
2008-07-13,3.2794567099567105,0.3067370129870106,4
2008-07-20,2.1080281385281396,0.7295941558441541,4
2008-07-27,1.1237424242424248,-1.1118344155844184,4
2008-08-03,-1.6580779220779223,2.078743506493506,5
2008-08-10,-0.6480779220779223,0.4358863636363637,5
2008-08-17,-1.8195064935064937,-1.6469707792207764,5
2008-08-24,-3.3523636363636364,-0.47839935064934735,5
2008-08-31,-0.9995064935064937,-2.495542207792205,5
2008-09-07,3.8872548701298704,-0.08420941558441442,6
2008-09-14,7.605826298701297,-1.6970665584415556,6
2008-09-21,-2.2327451298701297,-0.32278084415584374,6
2008-09-28,-0.4656022727272724,1.6629334415584438,6
2008-10-05,0.8737256493506493,1.4217516233766219,7
2008-10-12,3.2165827922077925,4.518894480519478,7
2008-10-19,0.5137256493506495,-1.556819805194806,7
2008-10-26,2.8294399350649355,-3.185391233766235,7
2008-11-02,0.0,0.0,0
2008-11-09,0.0,0.0,0
2008-11-16,0.0,0.0,0
2008-11-23,0.0,0.0,0
2008-11-30,0.0,0.0,0
2008-12-07,0.0,0.0,0
2008-12-14,0.0,0.0,0
2008-12-21,0.0,0.0,0
2008-12-28,0.0,0.0,0
2009-01-04,0.0,0.0,0
2009-01-11,0.0,0.0,0
2009-01-18,0.0,0.0,0
2009-01-25,0.0,0.0,0
2009-02-01,0.0,0.0,0
2009-02-08,0.0,0.0,0
2009-02-15,0.0,0.0,0
2009-02-22,0.0,0.0,0
2009-03-01,0.0,0.0,0
2009-03-08,0.0,0.0,0
2009-03-15,0.0,0.0,0
2009-03-22,0.0,0.0,0
2009-03-29,0.0,0.0,0
2009-04-05,-1.7613425324675325,-4.6145746753246755,1
2009-04-12,-2.7384853896103896,-4.29886038961039,1
2009-04-19,-2.044199675324675,0.9782824675324662,1
2009-04-26,3.700086038961039,3.065425324675326,1
2009-05-03,-0.21282467532467475,-3.504165584415585,2
2009-05-10,0.8028896103896104,0.05154870129870126,2
2009-05-17,1.087175324675325,-2.649879870129869,2
2009-05-24,-2.2842532467532464,3.8472629870129875,2
2009-05-31,-0.7928246753246748,2.4115487012987007,2
2009-06-07,-1.6458198051948054,-3.2713944805194792,3
2009-06-14,0.4398944805194809,-4.444251623376623,3
2009-06-21,2.125608766233766,1.3157483766233788,3
2009-06-28,-1.9543912337662341,4.608605519480523,3
2009-07-05,-1.6019718614718608,-3.720405844155845,4
2009-07-12,5.8894567099567094,-1.91612012987013,4
2009-07-19,-0.921971861471861,-4.247548701298701,4
2009-07-26,-1.144829004329004,-2.850405844155844,4
2009-08-02,-1.933792207792208,-2.152685064935067,5
2009-08-09,1.4490649350649352,-0.1112564935064917,5
2009-08-16,-1.3337922077922078,1.4058863636363625,5
2009-08-23,2.0847792207792204,-2.972685064935064,5
2009-08-30,1.790493506493506,-3.675542207792205,5
2009-09-06,-2.7656022727272727,-2.2884951298701264,6
2009-09-13,-1.6756022727272726,1.6500762987013005,6
2009-09-20,-2.7656022727272727,1.0772191558441584,6
2009-09-27,1.8158262987012992,-0.8513522727272722,6
2009-10-04,4.7737256493506495,0.13318019480519538,7
2009-10-11,-0.006274350649350557,-4.6411055194805195,7
2009-10-18,-0.054845779220779045,-7.569676948051948,7
2009-10-25,7.403725649350649,-2.1639626623376618,7
2009-11-01,0.0,0.0,0
2009-11-08,0.0,0.0,0
2009-11-15,0.0,0.0,0
2009-11-22,0.0,0.0,0
2009-11-29,0.0,0.0,0
2009-12-06,0.0,0.0,0
2009-12-13,0.0,0.0,0
2009-12-20,0.0,0.0,0
2009-12-27,0.0,0.0,0
2010-01-03,0.0,0.0,0
2010-01-10,0.0,0.0,0
2010-01-17,0.0,0.0,0
2010-01-24,0.0,0.0,0
2010-01-31,0.0,0.0,0
2010-02-07,0.0,0.0,0
2010-02-14,0.0,0.0,0
2010-02-21,0.0,0.0,0
2010-02-28,0.0,0.0,0
2010-03-07,0.0,0.0,0
2010-03-14,0.0,0.0,0
2010-03-21,0.0,0.0,0
2010-03-28,0.0,0.0,0
2010-04-04,-1.9627711038961038,4.155425324675324,1
2010-04-11,-1.6956282467532466,0.7039967532467539,1
2010-04-18,0.03722889610389579,5.5697110389610405,1
2010-04-25,0.48437175324675286,4.006853896103895,1
2010-05-02,0.4686038961038963,-1.5855941558441558,2
2010-05-09,-1.2842532467532464,-3.727022727272727,2
2010-05-16,3.530032467532468,-3.897022727272727,2
2010-05-23,-2.4185389610389607,2.252977272727273,2
2010-05-30,-1.2985389610389606,8.057262987012988,2
2010-06-06,0.9641801948051949,-0.7699659090909066,3
2010-06-13,3.584180194805194,0.09146266233766553,3
2010-06-20,2.8484659090909092,0.8100340909090917,3
2010-06-27,9.187037337662339,2.934319805194807,3
2010-07-04,-2.887686147186147,-1.6718344155844171,4
2010-07-11,2.139456709956711,0.541022727272729,4
2010-07-18,-0.3691147186147177,1.339594155844157,4
2010-07-25,6.173742424242425,0.8710227272727238,4
2010-08-01,0.9662077922077921,1.7701720779220764,5
2010-08-08,1.0362077922077924,2.1530292207792208,5
2010-08-15,1.5176363636363637,4.064457792207794,5
2010-08-22,-1.560935064935065,1.0316006493506507,5
2010-08-29,-1.9766493506493508,-0.35697077922077725,5
2010-09-05,1.6972548701298709,2.1600762987012985,6
2010-09-12,-1.2984594155844156,-0.3870665584415569,6
2010-09-19,-1.259887987012987,-0.9184951298701272,6
2010-09-26,4.134397727272727,-1.0199237012986977,6
2010-10-03,-1.930560064935065,2.7217516233766244,7
2010-10-10,-1.9448457792207792,3.8603230519480523,7
2010-10-17,-1.9448457792207792,2.8846087662337663,7
2010-10-24,-0.3591314935064933,0.2888944805194811,7
2010-10-31,0.8494399350649349,-2.41110551948052,7
2010-11-07,0.0,0.0,0
2010-11-14,0.0,0.0,0
2010-11-21,0.0,0.0,0
2010-11-28,0.0,0.0,0
2010-12-05,0.0,0.0,0
2010-12-12,0.0,0.0,0
2010-12-19,0.0,0.0,0
2010-12-26,0.0,0.0,0
2011-01-02,0.0,0.0,0
2011-01-09,0.0,0.0,0
2011-01-16,0.0,0.0,0
2011-01-23,0.0,0.0,0
2011-01-30,0.0,0.0,0
2011-02-06,0.0,0.0,0
2011-02-13,0.0,0.0,0
2011-02-20,0.0,0.0,0
2011-02-27,0.0,0.0,0
2011-03-06,0.0,0.0,0
2011-03-13,0.0,0.0,0
2011-03-20,0.0,0.0,0
2011-03-27,0.0,0.0,0
2011-04-03,-1.9170568181818182,-5.066003246753247,1
2011-04-10,1.4558003246753244,1.4368538961038961,1
2011-04-17,0.7272288961038957,0.022568181818181543,1
2011-04-24,3.232943181818182,-3.634574675324675,1
2011-05-01,0.22574675324675386,-5.787022727272728,2
2011-05-08,-2.9842532467532465,-4.284165584415584,2
2011-05-15,0.9214610389610396,2.514405844155844,2
2011-05-22,-0.3456818181818182,-0.16845129870129938,2
2011-05-29,1.5914610389610395,0.8401201298701295,2
2011-06-05,0.09275162337662302,1.374319805194805,3
2011-06-12,0.9927516233766234,0.7571769480519492,3
2011-06-19,4.502751623376622,-0.6042516233766229,3
2011-06-26,1.278465909090909,-0.8856801948051931,3
2011-07-03,2.200885281385282,-0.08183441558441729,4
2011-07-10,-1.7034004329004324,0.8853084415584433,4
2011-07-17,0.9923138528138531,0.9081655844155847,4
2011-07-24,0.5065995670995678,4.6924512987013,4
2011-07-31,0.27945670995671046,2.735308441558441,4
2011-08-07,-3.0766493506493506,3.7844577922077924,5
2011-08-14,-2.143792207792208,-0.8512564935064937,5
2011-08-21,-2.360935064935065,0.07445779220779158,5
2011-08-28,-0.9295064935064938,0.07874350649350603,5
2011-09-04,0.3801120129870128,3.5843620129870146,6
2011-09-11,2.64725487012987,-1.2956379870129844,6
2011-09-18,-1.5356022727272727,-4.225637987012986,6
2011-09-25,-2.249887987012987,-5.122780844155843,6
2011-10-02,0.17229707792207782,2.17889448051948,7
2011-10-09,-1.660560064935065,7.986037337662337,7
2011-10-16,0.06086850649350661,3.4374659090909088,7
2011-10-23,-1.6062743506493506,-3.86110551948052,7
2011-10-30,-1.6748457792207792,-2.8253912337662346,7
2011-11-06,0.0,0.0,0
2011-11-13,0.0,0.0,0
2011-11-20,0.0,0.0,0
2011-11-27,0.0,0.0,0
2011-12-04,0.0,0.0,0
2011-12-11,0.0,0.0,0
2011-12-18,0.0,0.0,0
2011-12-25,0.0,0.0,0
2012-01-01,0.0,0.0,0
2012-01-08,0.0,0.0,0
2012-01-15,0.0,0.0,0
2012-01-22,0.0,0.0,0
2012-01-29,0.0,0.0,0
2012-02-05,0.0,0.0,0
2012-02-12,0.0,0.0,0
2012-02-19,0.0,0.0,0
2012-02-26,0.0,0.0,0
2012-03-04,0.0,0.0,0
2012-03-11,0.0,0.0,0
2012-03-18,0.0,0.0,0
2012-03-25,0.0,0.0,0
2012-04-01,1.2129431818181824,3.598282467532467,1
2012-04-08,-2.8584853896103897,3.769711038961038,1
2012-04-15,3.960086038961039,0.13256818181818097,1
2012-04-22,2.2129431818181815,0.913996753246753,1
2012-04-29,-0.4956282467532471,2.9811396103896115,1
2012-05-06,2.8928896103896102,2.860120129870131,2
2012-05-13,-1.7899675324675322,0.10297727272727286,2
2012-05-20,-2.598538961038961,4.381548701298703,2
2012-05-27,-0.18425324675324628,4.3944058441558465,2
2012-06-03,-0.6515340909090912,-4.397108766233764,3
2012-06-10,-3.794391233766234,1.2328912337662388,3
2012-06-17,-0.6729626623376621,-0.014251623376623002,3
2012-06-24,-0.22296266233766238,2.918605519480522,3
2012-07-01,-1.6019718614718608,0.728165584415585,4
2012-07-08,-3.4305432900432895,4.918165584415583,4
2012-07-15,-3.0776861471861467,0.8267370129870137,4
2012-07-22,-2.969114718614718,3.7824512987013,4
2012-07-29,-2.9638766233766227,3.5517370129870116,4
2012-08-05,-0.4580779220779223,3.0016006493506495,5
2012-08-12,-3.400935064935065,-0.8683993506493515,5
2012-08-19,-2.4109350649350647,-3.504113636363634,5
2012-08-26,-2.2337922077922077,-0.44125649350649354,5
2012-09-02,0.5101120129870131,6.290076298701301,6
2012-09-09,0.46725487012987,2.654362012987015,6
2012-09-16,-1.179887987012987,-0.01849512987012858,6
2012-09-23,-1.869887987012987,-5.437066558441556,6
2012-09-30,-2.7656022727272727,-4.637066558441557,6
2012-10-07,-1.9448457792207792,-1.2239626623376623,7
2012-10-14,0.19943993506493496,-2.999676948051949,7
2012-10-21,1.1651542207792207,-1.0282483766233756,7
2012-10-28,2.126582792207792,-1.4896769480519474,7
2012-11-04,0.0,0.0,0
2012-11-11,0.0,0.0,0
2012-11-18,0.0,0.0,0
2012-11-25,0.0,0.0,0
2012-12-02,0.0,0.0,0
2012-12-09,0.0,0.0,0
2012-12-16,0.0,0.0,0
2012-12-23,0.0,0.0,0
2012-12-30,0.0,0.0,0
2013-01-06,0.0,0.0,0
2013-01-13,0.0,0.0,0
2013-01-20,0.0,0.0,0
2013-01-27,0.0,0.0,0
2013-02-03,0.0,0.0,0
2013-02-10,0.0,0.0,0
2013-02-17,0.0,0.0,0
2013-02-24,0.0,0.0,0
2013-03-03,0.0,0.0,0
2013-03-10,0.0,0.0,0
2013-03-17,0.0,0.0,0
2013-03-24,0.0,0.0,0
2013-03-31,0.0,0.0,0
2013-04-07,-2.6441996753246753,-4.7517175324675325,1
2013-04-14,10.44151461038961,-3.377431818181819,1
2013-04-21,5.590086038961038,-4.484574675324676,1
2013-04-28,-0.997056818181818,-0.3345746753246761,1
2013-05-05,6.211461038961039,-4.559879870129871,2
2013-05-12,-2.008538961038961,-2.139879870129871,2
2013-05-19,-0.10711038961038932,4.244405844155844,2
2013-05-26,5.240032467532467,0.05297727272727393,2
2013-06-02,7.481323051948054,-2.884251623376624,3
2013-06-09,0.7541801948051949,-5.217108766233764,3
2013-06-16,1.4441801948051953,0.33574837662337487,3
2013-06-23,-0.951534090909091,2.6086055194805233,3
2013-06-30,1.7170373376623376,2.495748376623375,3
2013-07-07,-3.3105432900432894,-0.940405844155844,4
2013-07-14,-0.9976861471861467,0.9481655844155839,4
2013-07-21,-3.1876861471861466,2.613879870129871,4
2013-07-28,0.8023138528138536,-3.300405844155847,4
2013-08-04,-2.2423636363636366,-2.5655422077922054,5
2013-08-11,-1.0152207792207792,-1.2041136363636369,5
2013-08-18,-3.390935064935065,-3.331256493506494,5
2013-08-25,-1.1195064935064938,1.933029220779222,5
2013-09-01,-2.5470308441558442,8.68864772727273,6
2013-09-08,-2.6413165584415585,3.7286477272727296,6
2013-09-15,-1.9656022727272728,2.7415048701298694,6
2013-09-22,-0.40988798701298723,-1.1156379870129882,6
2013-09-29,-2.1856022727272726,-0.1984951298701283,6
2013-10-06,2.220868506493506,6.433180194805194,7
2013-10-13,-1.7634172077922077,3.4731801948051935,7
2013-10-20,0.6737256493506492,-2.6096769480519484,7
2013-10-27,-1.4362743506493505,-7.051105519480521,7
2013-11-03,0.0,0.0,0
2013-11-10,0.0,0.0,0
2013-11-17,0.0,0.0,0
2013-11-24,0.0,0.0,0
2013-12-01,0.0,0.0,0
2013-12-08,0.0,0.0,0
2013-12-15,0.0,0.0,0
2013-12-22,0.0,0.0,0
2013-12-29,0.0,0.0,0
2014-01-05,0.0,0.0,0
2014-01-12,0.0,0.0,0
2014-01-19,0.0,0.0,0
2014-01-26,0.0,0.0,0
2014-02-02,0.0,0.0,0
2014-02-09,0.0,0.0,0
2014-02-16,0.0,0.0,0
2014-02-23,0.0,0.0,0
2014-03-02,0.0,0.0,0
2014-03-09,0.0,0.0,0
2014-03-16,0.0,0.0,0
2014-03-23,0.0,0.0,0
2014-03-30,0.0,0.0,0
2014-04-06,-0.2713425324675325,-4.603146103896104,1
2014-04-13,-1.4913425324675325,2.2382824675324677,1
2014-04-20,1.5843717532467525,-2.2760032467532474,1
2014-04-27,0.9743717532467535,2.8582824675324687,1
2014-05-04,2.5214610389610392,-6.494165584415585,2
2014-05-11,-1.569967532467532,0.6144058441558435,2
2014-05-18,2.7300324675324674,-4.447022727272726,2
2014-05-25,-1.3413961038961033,3.391548701298701,2
2014-06-01,-1.7558198051948053,2.1343198051948065,3
2014-06-08,4.648465909090908,-0.47282305194804763,3
2014-06-15,1.067037337662338,-2.3028230519480495,3
2014-06-22,11.12132305194805,2.5700340909090933,3
2014-06-29,1.6841801948051938,2.144319805194808,3
2014-07-06,4.050885281385282,-3.2189772727272725,4
2014-07-13,-2.179114718614718,-1.2404058441558448,4
2014-07-20,-3.3119718614718607,-4.171834415584417,4
2014-07-27,-2.1262575757575757,-0.6975487012987038,4
2014-08-03,-3.376649350649351,-1.8783993506493495,5
2014-08-10,0.15620779220779202,-0.25554220779221026,5
2014-08-17,-2.990935064935065,-1.3626850649350644,5
2014-08-24,2.774779220779221,2.3087435064935065,5
2014-08-31,2.669064935064934,0.06731493506493536,5
2014-09-07,-0.21845941558441595,2.1015048701298724,6
2014-09-14,3.638683441558442,-4.208495129870128,6
2014-09-21,-0.27131655844155844,-2.7770665584415575,6
2014-09-28,-2.3184594155844156,-0.5213522727272704,6
2014-10-05,3.430868506493506,1.9103230519480512,7
2014-10-12,-1.6834172077922078,-1.5668198051948057,7
2014-10-19,0.6408685064935067,-0.1411055194805204,7
2014-10-26,-0.4919886363636363,0.7388944805194804,7
2014-11-02,0.0,0.0,0
2014-11-09,0.0,0.0,0
2014-11-16,0.0,0.0,0
2014-11-23,0.0,0.0,0
2014-11-30,0.0,0.0,0
2014-12-07,0.0,0.0,0
2014-12-14,0.0,0.0,0
2014-12-21,0.0,0.0,0
2014-12-28,0.0,0.0,0
2015-01-04,0.0,0.0,0
2015-01-11,0.0,0.0,0
2015-01-18,0.0,0.0,0
2015-01-25,0.0,0.0,0
2015-02-01,0.0,0.0,0
2015-02-08,0.0,0.0,0
2015-02-15,0.0,0.0,0
2015-02-22,0.0,0.0,0
2015-03-01,0.0,0.0,0
2015-03-08,0.0,0.0,0
2015-03-15,0.0,0.0,0
2015-03-22,0.0,0.0,0
2015-03-29,0.0,0.0,0
2015-04-05,-1.4056282467532468,1.0725681818181823,1
2015-04-12,0.7786574675324678,0.30399675324675357,1
2015-04-19,1.314371753246753,5.152568181818182,1
2015-04-26,-0.18705681818181796,-1.2088603896103898,1
2015-05-03,-2.769967532467532,-2.2084512987013003,2
2015-05-10,0.507175324675325,1.7829772727272744,2
2015-05-17,1.272889610389611,0.12297727272727244,2
2015-05-24,-1.8842532467532462,-1.8913084415584436,2
2015-05-31,-0.3142532467532466,3.3715487012987015,2
2015-06-07,0.4384659090909091,-1.3971087662337638,3
2015-06-14,4.15846590909091,1.2086055194805212,3
2015-06-21,0.1727516233766231,0.23717694805195322,3
2015-06-28,-0.5043912337662344,0.7200340909090954,3
2015-07-05,-2.4176861471861466,-3.683262987012988,4
2015-07-12,2.483742424242424,-2.558977272727276,4
2015-07-19,2.7637424242424244,2.012451298701297,4
2015-07-26,3.065170995670996,-0.30183441558441615,4
2015-08-02,1.0004935064935068,1.587314935064935,5
2015-08-09,-1.1395064935064938,0.22874350649350816,5
2015-08-16,-1.5523636363636364,1.4216006493506512,5
2015-08-23,11.181922077922078,-2.1683993506493486,5
2015-08-30,2.876207792207792,-4.648399350649353,5
2015-09-06,-1.5284594155844156,6.947219155844156,6
2015-09-13,2.471540584415585,0.5329334415584412,6
2015-09-20,-0.4756022727272726,1.4815048701298714,6
2015-09-27,0.18582629870129885,1.627219155844159,6
2015-10-04,-1.397702922077922,2.630323051948052,7
2015-10-11,-1.9448457792207792,3.7531801948051946,7
2015-10-18,-1.9448457792207792,-0.01681980519480497,7
2015-10-25,0.32515422077922085,1.83889448051948,7
2015-11-01,0.0,0.0,0
2015-11-08,0.0,0.0,0
2015-11-15,0.0,0.0,0
2015-11-22,0.0,0.0,0
2015-11-29,0.0,0.0,0
2015-12-06,0.0,0.0,0
2015-12-13,0.0,0.0,0
2015-12-20,0.0,0.0,0
2015-12-27,0.0,0.0,0
2016-01-03,0.0,0.0,0
2016-01-10,0.0,0.0,0
2016-01-17,0.0,0.0,0
2016-01-24,0.0,0.0,0
2016-01-31,0.0,0.0,0
2016-02-07,0.0,0.0,0
2016-02-14,0.0,0.0,0
2016-02-21,0.0,0.0,0
2016-02-28,0.0,0.0,0
2016-03-06,0.0,0.0,0
2016-03-13,0.0,0.0,0
2016-03-20,0.0,0.0,0
2016-03-27,0.0,0.0,0
2016-04-03,1.36151461038961,-2.326003246753247,1
2016-04-10,-2.3770568181818184,-4.484574675324676,1
2016-04-17,-2.752771103896104,2.743996753246755,1
2016-04-24,0.8715146103896103,5.516853896103896,1
2016-05-01,5.168603896103896,-4.987022727272727,2
2016-05-08,-2.4228246753246747,-1.5741655844155833,2
2016-05-15,3.175746753246754,-2.244165584415585,2
2016-05-22,-3.192824675324675,-1.005594155844154,2
2016-05-29,3.1071753246753246,6.172977272727275,2
2016-06-05,-1.4943912337662342,-0.4199659090909087,3
2016-06-12,-2.4043912337662343,2.004319805194804,3
2016-06-19,0.25418019480519494,3.812891233766237,3
2016-06-26,0.971323051948052,2.8614626623376616,3
2016-07-03,-2.236257575757575,-3.0046915584415608,4
2016-07-10,3.693742424242425,-0.8075487012986997,4
2016-07-17,3.1751709956709955,-0.8875487012987016,4
2016-07-24,1.4351709956709962,2.6281655844155836,4
2016-07-31,-2.9005432900432897,-0.29897727272727437,4
2016-08-07,-0.03950649350649371,1.1901720779220781,5
2016-08-14,5.304779220779221,1.2987435064935084,5
2016-08-21,0.14192207792207778,0.9673149350649339,5
2016-08-28,4.024779220779221,-1.0441136363636403,5
2016-09-04,-1.8327451298701298,2.4272191558441563,6
2016-09-11,9.697254870129871,3.437219155844158,6
2016-09-18,2.2901120129870134,0.7429334415584457,6
2016-09-25,3.915826298701298,4.018647727272732,6
2016-10-02,-1.8691314935064935,3.711751623376623,7
2016-10-09,3.2265827922077923,3.21032305194805,7
2016-10-16,-1.4591314935064934,1.4317516233766234,7
2016-10-23,-1.920560064935065,1.4460373376623377,7
2016-10-30,1.7308685064935065,-0.4368198051948049,7
2016-11-06,0.0,0.0,0
2016-11-13,0.0,0.0,0
2016-11-20,0.0,0.0,0
2016-11-27,0.0,0.0,0
2016-12-04,0.0,0.0,0
2016-12-11,0.0,0.0,0
2016-12-18,0.0,0.0,0
2016-12-25,0.0,0.0,0
2017-01-01,0.0,0.0,0
2017-01-08,0.0,0.0,0
2017-01-15,0.0,0.0,0
2017-01-22,0.0,0.0,0
2017-01-29,0.0,0.0,0
2017-02-05,0.0,0.0,0
2017-02-12,0.0,0.0,0
2017-02-19,0.0,0.0,0
2017-02-26,0.0,0.0,0
2017-03-05,0.0,0.0,0
2017-03-12,0.0,0.0,0
2017-03-19,0.0,0.0,0
2017-03-26,0.0,0.0,0
2017-04-02,0.45151461038960994,-2.5174318181818185,1
2017-04-09,0.39437175324675344,0.3868538961038954,1
2017-04-16,1.3043717532467531,3.5482824675324682,1
2017-04-23,0.3615146103896101,3.0654253246753242,1
2017-04-30,1.4615146103896106,-0.40886038961038906,1
2017-05-07,-1.0028246753246752,-4.82987987012987,2
2017-05-14,0.8714610389610389,1.4744058441558447,2
2017-05-21,6.168603896103896,0.9729772727272739,2
2017-05-28,-1.7985389610389606,-0.3513084415584409,2
2017-06-04,-4.06010551948052,-1.485680194805191,3
2017-06-11,-3.8086769480519482,2.6071769480519507,3
2017-06-18,-0.6886769480519486,3.6728912337662365,3
2017-06-25,0.18132305194805198,-0.9099659090909071,3
2017-07-02,0.29802813852813914,-3.6546915584415594,4
2017-07-09,-3.044829004329004,0.8695941558441547,4
2017-07-16,-1.6876861471861468,0.5653084415584395,4
2017-07-23,5.303742424242426,2.1195941558441547,4
2017-07-30,-1.9548290043290037,-1.080405844155841,4
2017-08-06,-0.9380779220779223,-1.8983993506493526,5
2017-08-13,-3.290935064935065,-2.431256493506492,5
2017-08-20,-0.343792207792208,-0.7512564935064958,5
2017-08-27,1.6819220779220774,-2.504113636363634,5
2017-09-03,-2.147030844155844,0.6700762987013,6
2017-09-10,-2.741316558441558,-1.3984951298701276,6
2017-09-17,-0.4884594155844155,2.531504870129872,6
2017-09-24,0.5101120129870131,3.818647727272726,6
2017-10-01,1.106582792207792,5.613180194805194,7
2017-10-08,5.908011363636363,5.626037337662337,7
2017-10-15,5.468011363636363,0.8988944805194805,7
2017-10-22,-0.7491314935064932,2.8403230519480527,7
2017-10-29,-1.3491314935064933,-4.835391233766234,7
2017-11-05,0.0,0.0,0
2017-11-12,0.0,0.0,0
2017-11-19,0.0,0.0,0
2017-11-26,0.0,0.0,0
2017-12-03,0.0,0.0,0
2017-12-10,0.0,0.0,0
2017-12-17,0.0,0.0,0
2017-12-24,0.0,0.0,0
